Workbook

Sheet Draft
A1: - | B1: - | C1: - | D1: - | E1: North India | O1: Central India | Q1: East India | U1: Northeast India | AC1: South India | AI1: West India
A2: S.no | B2: Date | C2: Festival | D2: Day | E2: Delhi | F2: Chandigarh | G2: Haryana | H2: Himachal Pradesh | I2: Jammu & Kashmir | J2: Ladakh | K2: Punjab | L2: Rajasthan | M2: Uttarakhand | N2: Uttar Pradesh | O2: Chhattisgarh | P2: Madhya Pradesh | Q2: Bihar | R2: Jharkhand | S2: Odisha | T2: West Bengal | U2: Arunachal Pradesh | V2: Assam | W2: Manipur | X2: Meghalaya | Y2: Mizoram | Z2: Nagaland | AA2: Sikkim | AB2: Tripura | AC2: Andhra Pradesh | AD2: Karnataka | AE2: Kerala | AF2: Puducherry | AG2: Tamil Nadu | AH2: Telangana | AI2: Goa | AJ2: Gujarat | AK2: Maharashtra | XDX2: Yes
A3: 1 | B3: 01-Jan-2026 | C3: New Year’s Day | D3: Thursday | E3: Yes | F3: Yes | G3: Yes | H3: Yes | I3: Yes | J3: Yes | K3: Yes | L3: Yes | M3: Yes | N3: Yes | O3: Yes | P3: Yes | Q3: Yes | R3: Yes | S3: Yes | T3: Yes | U3: Yes | V3: Yes | W3: Yes | X3: Yes | Y3: Yes | Z3: Yes | AA3: Yes | AB3: Yes | AC3: Yes | AD3: Yes | AE3: Yes | AF3: Yes | AG3: Yes | AH3: Yes | AI3: Yes | AJ3: Yes | AK3: Yes
A4: 2 | B4: 46024 | C4: Mannam Jayanthi | D4: Friday | AE4: Yes
A5: 3 | B5: 46028 | C5: Guru Gobind Singh Jayanti / Losar (Tibetan New Year) | D5: Tuesday | F5: Yes | J5: Yes
A6: 4 | B6: 46029 | C6: Naga Army Day | D6: Wednesday | Z6: Yes
A7: 5 | B7: 46034 | C7: Birthday of Swami Vivekananda | D7: Monday | T7: Yes
A8: 6 | B8: 46035 | C8: Lohri | D8: Tuesday | G8: Yes | K8: Yes
A9: 7 | B9: 14-Jan-2026 | C9: Pongal / Makar Sankranti/Magh Bihu & Tusu Puja | D9: Wednesday | G9: Yes | K9: Yes | R9: Yes | S9: Yes | U9: Yes | V9: Yes | AA9: Yes | AB9: Yes | AC9: Yes | AH9: Yes | AJ9: Yes
A10: 8 | B10: 46037 | C10: Uttarayana Punyakala, Makara Sankranti Festival/Pongal | D10: Thursday | AD10: Yes | AF10: Yes | AG10: Yes
A11: 9 | B11: 46038 | C11: Thiruvalluvar Day / Mattu Pongal / Kanuma (AP only) | D11: Friday | AC11: Yes | AF11: Yes | AG11: Yes
A12: 10 | B12: 46039 | C12: Uzhavar Thirunal | D12: Saturday | AG12: Yes
A13: 11 | B13: 46041 | C13: Sonam Lhosar / Sonam Lhochhar | D13: Monday | AA13: Yes
A14: 12 | B14: 46045 | C14: Basanta Panchami / Netaji Subhas Chandra Bose’s Birthday | D14: Friday | S14: Yes | T14: Yes | V14: Yes
A15: 13 | B15: 26-Jan-2026 | C15: Republic Day | D15: Monday | E15: Yes | F15: Yes | G15: Yes | H15: Yes | I15: Yes | J15: Yes | K15: Yes | L15: Yes | M15: Yes | N15: Yes | O15: Yes | P15: Yes | Q15: Yes | R15: Yes | S15: Yes | T15: Yes | U15: Yes | V15: Yes | W15: Yes | X15: Yes | Y15: Yes | Z15: Yes | AA15: Yes | AB15: Yes | AC15: Yes | AD15: MYES | AE15: MYES | AF15: MYES | AG15: MYES | AH15: MYES | AI15: MYES | AJ15: MYES | AK15: MYES
A16: 14 | B16: 46049 | C16: Gwthar Bathou San (Assam-specific) | D16: Tuesday | V16: Yes
A17: 15 | B17: 46051 | C17: Guru Gobind Singh Jayanti /Saraswati Puja | D17: Thursday | K17: Yes | N17: Yes | AB17: Yes
A18: 16 | B18: 46054 | C18: Thai Poosam | D18: Sunday | AG18: Yes
A19: 17 | B19: 46068 | C19: Mahasivarathri | D19: Sunday | F19: Yes | G19: Yes | H19: Yes | I19: Yes | J19: Yes | K19: Yes | L19: Yes | M19: Yes | N19: Yes | P19: Yes | AC19: Yes | AH19: Yes | AJ19: Yes | AK19: Yes
A20: 18 | B20: 46071 | C20: Losar (Tibetan New Year) | D20: Wednesday | AA20: Yes
A21: 19 | B21: 46072 | C21: Guru Rinpoche Day (commonly given in Leh) / Chhatrapati Shivaji Maharaj Jayanti | D21: Thursday | J21: Yes | AK21: Yes
A22: 20 | B22: 46073 | C22: State Day | D22: Friday | U22: Yes | Y22: Yes
A23: 21 | B23: 46084 | C23: Holi (Dhulivandana) / Doljatra (Holi festival) | D23: Tuesday | E23: Yes | I23: Yes | L23: Yes | M23: Yes | T23: Yes | V23: Yes | W23: Yes | AA23: Yes | AB23: Yes | AC23: Yes | AH23: Yes | AI23: Yes
A24: 22 | B24: 04-Mar-2026 | C24: Holi | D24: Wednesday | F24: Yes | G24: Yes | H24: Yes | J24: Yes | K24: Yes | L24: Yes | N24: Yes | O24: Yes | P24: Yes | Q24: Yes | R24: Yes | S24: Yes | U24: Yes | X24: Yes | Y24: Yes | Z24: Yes | AH24: Yes | AJ24: Yes | AK24: Yes
A25: 23 | B25: 46094 | C25: Chapchar Kut | D25: Friday | Y25: Yes
A26: 24 | B26: 46098 | C26: Shab-i-Qadr | D26: Tuesday | I26: Yes
A27: 25 | B27: 46100 | C27: Ugadi Festival / Telegu New Year /Gudi Padava / 904082 | D27: Thursday | AD27: Yes | AG27: Yes | AI27: Yes | AJ27: Yes | AK27: Yes
A28: 26 | B28: 46101 | C28: Id-ul-Fitr (Ramzan)* / Gudi Padwa / Ugadi (Telugu New Year) | D28: Friday | I28: Yes | L28: Yes | M28: Yes | P28: Yes | AC28: Yes | AE28: Yes | AF28: Yes
A29: 27 | B29: 21-Mar-2026 | C29: Id-ul-Fitr (Tentative) / Khutub-E-Ramzan | D29: Saturday | E29: Yes | F29: Yes | G29: Yes | H29: Yes | J29: Yes | K29: Yes | L29: Yes | N29: Yes | O29: Yes | P29: Yes | Q29: Yes | R29: Yes | S29: Yes | U29: Yes | V29: Yes | W29: Yes | X29: Yes | Y29: Yes | Z29: Yes | AC29: Yes | AD29: Yes | AG29: Yes | AH29: Yes | AI29: Yes | AJ29: Yes | AK29: Yes
A30: 28 | B30: 46103 | C30: Bihar Diwas | D30: Sunday | Q30: Yes
A31: 29 | B31: 26-Mar-2026 | C31: Ram Navami | D31: Thursday | E31: Yes | F31: Yes | G31: Yes | H31: Yes | I31: Yes | J31: Yes | K31: Yes | L31: Yes | M31: Yes | N31: Yes | P31: Yes | R31: Yes | T31: Yes | Y31: Yes | AA31: Yes | AC31: Yes | AH31: Yes | AI31: Yes | AK31: Yes
A32: 30 | B32: 46108 | C32: Shree Ram Navami | D32: Friday | Q32: Yes | S32: Yes | AJ32: Yes
A33: 31 | B33: 31-Mar-2026 | C33: Mahavir Jayanti | D33: Tuesday | E33: Yes | F33: Yes | G33: Yes | J33: Yes | K33: Yes | L33: Yes | M33: Yes | N33: Yes | O33: Yes | P33: Yes | Q33: Yes | R33: Yes | T33: Yes | Y33: Yes | AD33: Yes | AG33: Yes | AJ33: Yes | AK33: Yes
A34: 32 | B34: 46114 | C34: Maundy Thursday | D34: Thursday | AE34: Yes
A35: 33 | B35: 03-Apr-2026 | C35: Good Friday | D35: Friday | E35: Yes | F35: Yes | G35: Yes | H35: Yes | J35: Yes | K35: Yes | L35: Yes | M35: Yes | N35: Yes | O35: Yes | P35: Yes | Q35: Yes | R35: Yes | S35: Yes | T35: Yes | U35: Yes | V35: Yes | W35: Yes | X35: Yes | Y35: Yes | Z35: Yes | AA35: Yes | AB35: Yes | AC35: Yes | AD35: Yes | AE35: Yes | AF35: Yes | AG35: Yes | AH35: Yes | AI35: Yes | AJ35: Yes | AK35: Yes
A36: 34 | B36: 46117 | C36: Easter | D36: Sunday | AC36: Yes
A37: 35 | B37: 46126 | C37: Dr. B. R. Ambedkar Jayanthi / Tamil New Year / Maha Visuva Shankranti / Bohag Bihu (Assamese New Year) / Cheiraoba (Manipuri New Year)/Bengali New Year / Pohela Boishakh | D37: Tuesday | F37: Yes | G37: Yes | H37: Yes | I37: Yes | J37: Yes | K37: Yes | L37: Yes | M37: Yes | N37: Yes | P37: Yes | Q37: Yes | R37: Yes | S37: Yes | T37: Yes | V37: Yes | W37: Yes | AA37: Yes | AB37: Yes | AC37: Yes | AD37: Yes | AE37: Yes | AF37: Yes | AG37: Yes | AH37: Yes | AI37: Yes | AJ37: Yes | AK37: Yes
A38: 36 | B38: 46127 | C38: Vishu / Himachal Day / Bohag Bihu | D38: Wednesday | H38: Yes | U38: Yes | V38: Yes | AE38: Yes
A39: 37 | B39: 46128 | C39: Bohag Bihu - Day 3 | D39: Thursday | V39: Yes
A40: 38 | B40: 46132 | C40: Basava Jayanthi, Akshaya Tritiya | D40: Monday | AD40: Yes
A41: 39 | B41: 46135 | C41: Khongjom Day | D41: Thursday | W41: Yes
A42: 40 | B42: 01-May-2026 | C42: Buddha Purnima/May day / Maharashtra Day | D42: Friday | E42: Yes | F42: Yes | G42: Yes | H42: Yes | I42: Yes | J42: Yes | K42: Yes | L42: Yes | M42: Yes | N42: Yes | O42: Yes | P42: Yes | Q42: Yes | R42: Yes | S42: Yes | T42: Yes | U42: Yes | V42: Yes | W42: Yes | X42: Yes | Y42: Yes | Z42: Yes | AA42: Yes | AB42: Yes | AC42: Yes | AD42: Yes | AE42: Yes | AF42: Yes | AG42: Yes | AH42: Yes | AI42: Yes | AJ42: Yes | AK42: Yes
A43: 41 | B43: 46149 | C43: BuddhaPurnima | D43: Thursday | AJ43: Yes
A44: 42 | B44: 46150 | C44: Birthday of Rabindranath Tagore | D44: Friday | T44: Yes
A45: 43 | B45: 46158 | C45: Sikkim State Day | D45: Saturday | AA45: Yes
A46: 44 | B46: 27-May-2026 | C46: Bakrid / Id-ul-Zuha / Saga Dawa (Buddhist festival) | D46: Wednesday | E46: Yes | F46: Yes | G46: Yes | H46: Yes | I46: Yes | J46: Yes | K46: Yes | L46: Yes | M46: Yes | N46: Yes | O46: Yes | P46: Yes | R46: Yes | T46: Yes | V46: Yes | W46: Yes | X46: Yes | Y46: Yes | Z46: Yes | AA46: Yes | AB46: Yes | AC46: Yes | AE46: Yes | AH46: Yes | AJ46: Yes | AK46: Yes
A47: 45 | B47: 46170 | C47: Bakrid | D47: Thursday | L47: Yes | Q47: Yes | AD47: Yes | AF47: Yes | AG47: Yes | AI47: Yes
A48: 46 | B48: 46188 | C48: Raja Sankranti / YMA Day | D48: Monday | S48: Yes | Y48: Yes
A49: 47 | B49: 46190 | C49: Maharana Pratap Jayanti | D49: Wednesday | H49: Yes | L49: Yes
A50: 48 | B50: 46197 | C50: Kharchi Puja (major Tripura festival) | D50: Wednesday | AB50: Yes
A51: 49 | B51: 46198 | C51: Muharram | D51: Thursday | T51: Yes | AC51: Yes | AE51: Yes | AH51: Yes
A52: 50 | B52: 26-Jun-2026 | C52: Muharram / Last Day of Moharam | D52: Friday | E52: Yes | F52: Yes | G52: Yes | H52: Yes | I52: Yes | J52: Yes | K52: Yes | L52: Yes | M52: Yes | N52: Yes | O52: Yes | P52: Yes | Q52: Yes | R52: Yes | Y52: Yes | AD52: Yes | AG52: Yes | AJ52: Yes | AK52: Yes
A53: 51 | B53: 46202 | C53: Sant Guru Kabir Jayanti | D53: Monday | H53: Yes
A54: 52 | B54: 46203 | C54: Remna Ni | D54: Tuesday | Y54: Yes
A55: 53 | B55: 46204 | C55: Guru Hargobind Ji’s Birthday | D55: Wednesday | I55: Yes
A56: 54 | B56: 46209 | C56: MHIP Day | D56: Monday | Y56: Yes
A57: 55 | B57: 46212 | C57: Beh Deinkhlam | D57: Thursday | X57: Yes
A58: 56 | B58: 46219 | C58: Rath Yatra / Harela (Important Uttarakhand festival) | D58: Thursday | M58: Yes | P58: Yes | S58: Yes | W58: Yes
A59: 57 | B59: 46220 | C59: Death. AnnIversary of U Tirot Sing | D59: Friday | X59: Yes
A60: 58 | B60: 46246 | C60: Karkadaka Vavu | D60: Wednesday | AE60: Yes
A61: 59 | B61: 15-Aug-2026 | C61: Independence Day | D61: Saturday | E61: Yes | F61: Yes | G61: Yes | H61: Yes | I61: Yes | J61: Yes | K61: Yes | L61: Yes | M61: Yes | N61: Yes | O61: Yes | P61: Yes | Q61: Yes | R61: Yes | S61: Yes | T61: Yes | U61: Yes | V61: Yes | W61: Yes | X61: Yes | Y61: Yes | Z61: Yes | AA61: Yes | AB61: Yes | AC61: Yes | AD61: MWEYES | AE61: Yes | AF61: Yes | AG61: Yes | AH61: Yes | AI61: Yes | AJ61: Yes | AK61: Yes
A62: 60 | B62: 46259 | C62: First Onam/ Milad-i-Sherif* (Birthday of Prophet Muhammed) | D62: Tuesday | I62: Yes | N62: Yes | P62: Yes | W62: Yes | Z62: Yes | AC62: Yes | AE62: Yes | AH62: Yes
A63: 61 | B63: 26-Aug-2026 | C63: Milad-un-Nabi / Id-e-Milad / Thiruvonam | D63: Wednesday | L63: Yes | O63: Yes | Q63: Yes | Y63: Yes | AD63: Yes | AE63: Yes | AF63: Yes | AG63: Yes | AJ63: Yes | AK63: Yes
A64: 62 | B64: 46261 | C64: Third Onam | D64: Thursday | AE64: Yes
A65: 63 | B65: 46262 | C65: Fourth Onam/ Sree Narayana Guru Jayanthi/Ayyankali Jayanthi / Raksha Bandhan | D65: Friday | I65: Yes | L65: Yes | M65: Yes | N65: Yes | AE65: Yes | AJ65: Yes
A66: 64 | B66: 04-Sep-2026 | C66: Janmashtami | D66: Friday | E66: Yes | F66: Yes | G66: Yes | H66: Yes | I66: Yes | J66: Yes | K66: Yes | L66: Yes | M66: Yes | N66: Yes | O66: Yes | P66: Yes | Q66: Yes | R66: Yes | S66: Yes | V66: Yes | X66: Yes | Y66: Yes | Z66: Yes | AA66: Yes | AC66: Yes | AE66: Yes | AG66: Yes | AH66: Yes | AJ66: Yes
A67: 65 | B67: 46279 | C67: Varasiddhi Vinayaka Vrata Vinayaka Chaturthi | D67: Monday | S67: Yes | AD67: Yes | AF67: Yes | AG67: Yes | AI67: Yes | AK67: Yes
A68: 66 | B68: 46280 | C68: Ganesh Chaturthi (Day 2) / Naukhai | D68: Tuesday | S68: Yes | AI68: Yes
A69: 67 | B69: 46286 | C69: Sree Narayana Guru Samadhi Day | D69: Monday | AE69: Yes
A70: 68 | B70: 02-Oct-2026 | C70: Gandhi Jayanti | D70: Friday | E70: Yes | F70: Yes | G70: Yes | H70: Yes | I70: Yes | J70: Yes | K70: Yes | L70: Yes | M70: Yes | N70: Yes | O70: Yes | P70: Yes | Q70: Yes | R70: Yes | S70: Yes | T70: Yes | U70: Yes | V70: Yes | W70: Yes | X70: Yes | Y70: Yes | Z70: Yes | AA70: Yes | AB70: Yes | AC70: Yes | AD70: MYES | AE70: Yes | AF70: Yes | AG70: Yes | AH70: Yes | AI70: Yes | AJ70: Yes | AK70: Yes
A71: 69 | B71: 46313 | C71: Durga Pooja | D71: Sunday | Q71: Yes | T71: Yes | V71: Yes
A72: 70 | B72: 46314 | C72: Ayutha Pooja / Mahanavami | D72: Monday | L72: Yes | Q72: Yes | S72: Yes | T72: Yes | V72: Yes | W72: Yes | X72: Yes | AF72: Yes | AG72: Yes
A73: 71 | B73: 20-Oct-2026 | C73: Dussehra / Mahanavami/ Ayudhapooja / Karwa Chauth | D73: Tuesday | E73: Yes | G73: Yes | H73: Yes | L73: Yes | N73: Yes | O73: Yes | P73: Yes | Q73: Yes | S73: Yes | T73: Yes | U73: Yes | V73: Yes | X73: Yes | Y73: Yes | Z73: Yes | AA73: Yes | AC73: Yes | AD73: Yes | AE73: Yes | AG73: Yes | AH73: Yes | AI73: Yes | AJ73: Yes | AK73: Yes
A74: 72 | B74: 46316 | C74: Vijayadasami / Dussehra | D74: Wednesday | F74: Yes | G74: Yes | I74: Yes | J74: Yes | K74: Yes | M74: Yes | R74: Yes | T74: Yes | U74: Yes | V74: Yes | AB74: Yes | AD74: Yes | AE74: Yes
A75: 73 | B75: 46321 | C75: Accession Day (J&K-specific) / Maharishi Valmiki Birthday | D75: Monday | I75: Yes | P75: Yes
A76: 74 | B76: 46327 | C76: Puducherry Liberation Day | D76: Sunday | AF76: Yes
A77: 75 | B77: 08-Nov-2026 | C77: Diwali / Kali Puja | D77: Sunday | E77: Yes | F77: Yes | G77: Yes | H77: Yes | I77: Yes | J77: Yes | K77: Yes | L77: Yes | M77: Yes | N77: Yes | P77: Yes | Q77: Yes | R77: Yes | T77: Yes | U77: Yes | V77: Yes | W77: Yes | X77: Yes | Y77: Yes | Z77: Yes | AA77: Yes | AB77: Yes | AC77: Yes | AF77: Yes | AG77: Yes | AH77: Yes | AI77: Yes | AJ77: Yes | AK77: Yes
A78: 76 | B78: 46335 | C78: Govardhan Puja / Lhabab Duchen (Buddhist festival) / Vikram Sambat New Year Day | D78: Monday | F78: Yes | L78: Yes | R78: Yes | AA78: Yes | AJ78: Yes | AK78: Yes
A79: 77 | B79: 46336 | C79: Balipadyami, Deepavali / bhai Dooj | D79: Tuesday | G79: Yes | K79: Yes | M79: Yes | N79: Yes | R79: Yes | AD79: Yes
A80: 78 | B80: 46337 | C80: Bhai Dooj | D80: Wednesday | L80: Yes | AA80: Yes | AJ80: Yes
A81: 79 | B81: 46338 | C81: Ningol Chakkouba | D81: Thursaday | W81: Yes
A82: 80 | B82: 46339 | C82: Wangala Festival | D82: Friday | X82: Yes
A83: 81 | B83: 46341 | C83: Chat Puja | D83: Sunday | Q83: Yes | R83: Yes
A84: 82 | B84: 46342 | C84: Chat Puja | D84: Monday | Q84: Yes | R84: Yes
A85: 83 | B85: 46349 | C85: Seng Kut Snem | D85: Monday | X85: Yes
A86: 84 | B86: 24-Nov-2026 | C86: Guru Nanak Jayanti | D86: Tuesday | E86: Yes | F86: Yes | G86: Yes | H86: Yes | I86: Yes | J86: Yes | K86: Yes | L86: Yes | M86: Yes | N86: Yes | O86: Yes | P86: Yes | R86: Yes | S86: Yes | T86: Yes | U86: Yes | V86: Yes | Y86: Yes | Z86: Yes | AJ86: Yes | AK86: Yes
A87: 85 | B87: 46353 | C87: Kanakadasa Jayanthi | D87: Friday | AD87: Yes
A88: 86 | B88: 46359 | C88: Feast of St, Francis Xavier | D88: Thursday | AI88: Yes
A89: 87 | B89: 46368 | C89: Death Annivarsay of Pa-Togan Nengminja Sangma | D89: Saturday | X89: Yes
A90: 88 | B90: 46374 | C90: Death Annivarsary of U Soso Tham | D90: Friday | X90: Yes
A91: 89 | B91: 46375 | C91: Goa Liberation day | D91: Saturday | AI91: Yes
A92: 90 | B92: 25-Dec-2026 | C92: Christmas | D92: Friday | E92: Yes | F92: Yes | G92: Yes | H92: Yes | I92: Yes | J92: Yes | K92: Yes | L92: Yes | M92: Yes | N92: Yes | O92: Yes | P92: Yes | Q92: Yes | R92: Yes | S92: Yes | T92: Yes | U92: Yes | V92: Yes | W92: Yes | X92: Yes | Y92: Yes | Z92: Yes | AA92: Yes | AB92: Yes | AC92: Yes | AD92: Yes | AE92: Yes | AF92: Yes | AG92: Yes | AH92: Yes | AI92: Yes | AJ92: Yes | AK92: Yes
A93: 91 | B93: 46386 | C93: Death Anniversay of U Kiang Nongbah | D93: Wednesday | X93: Yes
A94: 92 | B94: 46387 | C94: New Years Eve | D94: Thursday | Y94: Yes
A95: Total
A97: Source | B97: https://www.qppstudio.net/publicholidays2026/india

Sheet New Sheet
A1: Sl.no. | B1: Date | C1: Festival | D1: Day | E1: North India | O1: Central India | Q1: East India | U1: Northeast India | AC1: South India | AI1: West India
E2: Delhi | F2: Chandigarh | G2: Haryana | H2: Himachal Pradesh | I2: Jammu & Kashmir | J2: Ladakh | K2: Punjab | L2: Rajasthan | M2: Uttarakhand | N2: Uttar Pradesh | O2: Chhattisgarh | P2: Madhya Pradesh | Q2: Bihar | R2: Jharkhand | S2: Odisha | T2: West Bengal | U2: Arunachal Pradesh | V2: Assam | W2: Manipur | X2: Meghalaya | Y2: Mizoram | Z2: Nagaland | AA2: Sikkim | AB2: Tripura | AC2: Andhra Pradesh | AD2: Karnataka | AE2: Kerala | AF2: Puducherry | AG2: Tamil Nadu | AH2: Telangana | AI2: Goa | AJ2: Gujarat | AK2: Maharashtra | XDX2: Yes
A3: 1 | B3: 46023 | C3: New Year’s Day | D3: Thursday | O3: Regional | Q3: Optional | S3: Optional | X3: Optional | Y3: Optional | AA3: Optional | AD3: Regional | AE3: Optional | AF3: Optional | AG3: Optional | AI3: Optional
A4: 2 | B4: 46024 | C4: Mannam Jayanthi | D4: Friday
B5: 46025 | C5: Maa Shakambhari Jayanti & Cherchera / Birthday of Hazarat Ali / Savitribai Phule Jayanti | D5: Saturday | O5: Regional-WE
A6: 3 | B6: 46028 | C6: Guru Gobind Singh Jayanti / Losar (Tibetan New Year) | D6: Tuesday
A7: 4 | B7: 46029 | C7: Naga Army Day /Rajim Bhaktin Mata Jayanti | D7: Wednesday | O7: Regional
B8: 46032 | C8: World Hindi Day | D8: Saturday | O8: Regional-WE
B9: 46033 | C9: Missionary Day | D9: Sunday
A10: 5 | B10: 46034 | C10: Birthday of Swami Vivekananda | D10: Monday
A11: 6 | B11: 46035 | C11: Lohri | D11: Tuesday
A12: 7 | B12: 46036 | C12: Pongal / Makar Sankranti/Magh Bihu & Tusu Puja | D12: Wednesday | O12: Regional | Q12: Regional | V12: Regional
A13: 8 | B13: 46037 | C13: Uttarayana Punyakala, Makara Sankranti Festival/Pongal | D13: Thursday | S13: Regional | V13: Regional | X13: Regional | Y13: Regional | AA13: Regional | AD13: Regional | AE13: Regional | AF13: Regional | AG13: Regional
A14: 9 | B14: 46038 | C14: Thiruvalluvar Day / Mattu Pongal / Kanuma (AP only) | D14: Friday | AE14: Regional | AF14: Regional | AG14: Regional
A15: 10 | B15: 46039 | C15: Uzhavar Thirunal | D15: Saturday | AE15: Regional-WE | AF15: Regional-WE | AG15: Regional-WE
A16: 11 | B16: 46041 | C16: Sonam Lhosar / Sonam Lhochhar | D16: Monday | S16: Optional | X16: Optional | Y16: Optional | AA16: Optional
B17: 46042 | C17: Shaheed Gaindsingh Shahadat Diwas | D17: Tuesday | O17: Regional
A18: 12 | B18: 46045 | C18: Basanta Panchami / Netaji Subhas Chandra Bose’s Birthday | D18: Friday | O18: Regional | Q18: Regional | V18: Regional
B19: 46046 | C19: Karpoori Thakur Jayanti | D19: Saturday | Q19: Regional-WE
B20: 46047 | C20: Deonarayan Jayanti | D20: Sunday | L20: Regional-WE
A21: 13 | B21: 46048 | C21: Republic Day | D21: Monday | L21: National | O21: National | Q21: National | S21: National | V21: National | X21: National | Y21: National | AA21: National | AD21: National | AE21: National | AF21: National | AG21: National | AI21: National
A22: 14 | B22: 46049 | C22: Gwthar Bathou San (Assam-specific)/Sri Madvanavami | D22: Tuesday | V22: Regional | AD22: Regional
A23: 15 | B23: 46051 | C23: Guru Gobind Singh Jayanti /Saraswati Puja | D23: Thursday
B24: 46053 | C24: Me-Dam-Me-Phi | D24: Saturday | V24: Regional-WE
A25: 16 | B25: 46054 | C25: Sant Ravidas Jayanthi | D25: Sunday | Q25: Regional-WE | V25: Regional-WE | AE25: Regional-WE | AF25: Regional-WE | AG25: Regional-WE
B26: 46056 | C26: Shab-e-Barat | D26: Tuesday | O26: Regional
B27: 46057 | C27: Shab-e-Barath | D27: Wednesday | Q27: Regional | AD27: Regional
B28: 46065 | C28: Maharshi Dayanand Saraswati Jayanti | D28: Thursday | O28: Regional
A29: 17 | B29: 46068 | C29: Mahasivarathri | D29: Sunday | L29: Regional-WE | S29: Regional-WE | AI29: Regional-WE
B30: 46069 | C30: Mahashivrathri | D30: Monday | Q30: Regional
A31: 18 | B31: 46071 | C31: Losar (Tibetan New Year) | D31: Wednesday | S31: Regional | X31: Regional | Y31: Regional | AA31: Regional
A32: 19 | B32: 46072 | C32: Guru Rinpoche Day (commonly given in Leh) / Chhatrapati Shivaji Maharaj Jayanti | D32: Thursday | O32: Regional
A33: 20 | B33: 46073 | C33: State Day | D33: Friday
B34: 46079 | C34: Akhil Sikkim Khas Chettri Bahun Kalyan Sangh's Foundation Day | D34: Thursday | S34: Regional | X34: Regional | Y34: Regional | AA34: Regional
B35: 46083 | C35: Holi ka dahan / Ramzan | D35: Monday | L35: Regional | Q35: Regional | AD35: Regional
A36: 21 | B36: 46084 | C36: Holi | D36: Tuesday | L36: Regional | O36: Regional | Q36: Regional | S36: Regional | V36: Regional | X36: Regional | Y36: Regional | AA36: Regional | AI36: Regional
A37: 22 | B37: 46085 | C37: Holi | D37: Wednesday | O37: Regional
B38: 46086 | C38: Bhai-Dooj (Holi) | D38: Thursday | O38: Regional
A39: 23 | B39: 46094 | C39: Chapchar Kut | D39: Friday
A40: 24 | B40: 46098 | C40: Shab-i-Qadr | D40: Tuesday | AD40: Regional
A41: 25 | B41: 46100 | C41: Ugadi Festival / Telegu New Year /Gudi Padava | D41: Thursday | O41: Regional | AD41: Regional | AE41: Regional | AF41: Regional | AG41: Regional | AI41: Regional
A42: 26 | B42: 46101 | C42: Id-ul-Fitr (Ramzan)* / Gudi Padwa / Ugadi (Telugu New Year)/Cheti Chand/ Jamat-ul-Vida | D42: Friday | L42: Regional | O42: Regional | S42: Regional | X42: Regional | Y42: Regional | AA42: Regional | AD42: Regional
A43: 27 | B43: 46102 | C43: Id-ul-Fitr (Tentative) / Khutub-E-Ramzan | D43: Saturday | L43: Regional-WE | O43: Regional-WE | Q43: Regional-WE | S43: Regional-WE | V43: Regional-WE | AD43: Regional-WE | AE43: Regional-WE | AF43: Regional-WE | AG43: Regional-WE | AI43: Regional-WE
A44: 28 | B44: 46103 | C44: Eid ul Fitr (Eid) | D44: Sunday | Q44: Regional-WE
B45: 46104 | C45: Devara Daseemaiah Jayanthi / Guha Nishadraj Jayanti | D45: Monday | O45: Regional | AD45: Regional
A46: 29 | B46: 46107 | C46: Ram Navami / Emperor Ashoka Ashtami | D46: Thursday | L46: Regional | O46: Regional | Q46: Regional | AI46: Regional
A47: 30 | B47: 46108 | C47: Shree Ram Navami | D47: Friday | AD47: Regional
A48: 31 | B48: 46112 | C48: Mahavir Jayanti | D48: Tuesday | L48: Regional | O48: Regional | AD48: Regional | AE48: Regional | AF48: Regional | AG48: Regional
B49: 46113 | C49: Annual Account Closing for Banks / Hatkeshwar Jayanti | D49: Wednesday | O49: Regional | AE49: Regional | AF49: Regional | AG49: Regional | AI49: Optional
A50: 32 | B50: 46114 | C50: Maundy Thursday / Dharti Pooja (Khaddi Parv) | D50: Thursday | O50: Regional
A51: 33 | B51: 46115 | C51: Good Friday | D51: Friday | L51: Regional | O51: Regional | Q51: Regional | S51: Regional | V51: Regional | X51: Regional | Y51: Regional | AA51: Regional | AD51: Regional | AE51: Regional | AF51: Regional | AG51: Regional | AI51: Regional
B52: 46116 | C52: Holy Saturday | D52: Saturday | AD52: Regional-WE
A53: 34 | B53: 46117 | C53: Easter | D53: Sunday | AD53: Regional-WE | AE53: Regional-WE
B54: 46123 | C54: Mahatma Jyotiba Phule Jayanti | D54: Saturday | L54: Regional-WE
B55: 46125 | C55: Shrimad Vallabhacharya Jayanti | D55: Monday | O55: Regional
A56: 35 | B56: 46126 | C56: Dr. B. R. Ambedkar Jayanthi / Tamil New Year / Maha Visuva Shankranti / Bohag Bihu (Assamese New Year) / Cheiraoba (Manipuri New Year)/Bengali New Year /Vaisakhi/ Pohela Boishakh | D56: Tuesday | L56: National | O56: Regional | Q56: Regional | S56: Regional | V56: Regional | X56: Regional | Y56: Regional | AA56: Regional | AD56: Regional | AE56: Regional | AF56: Regional | AG56: Regional | AI56: Regional
A57: 36 | B57: 46127 | C57: Vishu / Himachal Day / Bohag Bihu | D57: Wednesday | V57: Regional
A58: 37 | B58: 46128 | C58: Bohag Bihu - Day 3 | D58: Thursday | V58: Regional
B59: 46130 | C59: Tithi of Damodar Deva | D59: Saturday | V59: Regional-WE
B60: 46131 | C60: Parshuram Jayanti | D60: Sunday | L60: Regional-WE
A61: 38 | B61: 46132 | C61: Basava Jayanthi, Akshaya Tritiya / Parshuram Jayanti | D61: Monday | O61: Regional | AD61: Regional
B62: 46133 | C62: Sri Shankarayacharya Jayanthi | D62: Tuesday | V62: Regional | AD62: Regional
B63: 46134 | C63: Shankaracharya Jayanti | D63: Wednesday | O63: Regional
A64: 39 | B64: 46135 | C64: Veer Kunwar Singh Jayanthi | D64: Thursday | Q64: Regional | AD64: Regional
B65: 46137 | C65: Janaki Navami | D65: Saturday | Q65: Regional-WE
B66: 46139 | C66: Ram Navami | D66: Monday | Q66: Regional
A67: 40 | B67: 46143 | C67: Buddha Purnima/May day / Maharashtra Day | D67: Friday | O67: Regional | Q67: Regional | V67: Regional | AD67: Regional | AE67: National | AF67: National | AG67: National | AI67: National
A68: 41 | B68: 46149 | C68: BuddhaPurnima | D68: Thursday
A69: 42 | B69: 46150 | C69: Birthday of Rabindranath Tagore | D69: Friday
A70: 43 | B70: 46158 | C70: Sikkim State Day | D70: Saturday
A71: 44 | B71: 46169 | C71: Bakrid / Id-ul-Zuha / Saga Dawa (Buddhist festival) | D71: Wednesday | O71: Regional | V71: Regional
A72: 45 | B72: 46170 | C72: Bakrid | D72: Thursday | L72: Regional | Q72: Regional | S72: Regional | X72: Regional | Y72: Regional | AA72: Regional | AD72: Regional | AE72: Regional | AF72: Regional | AG72: Regional | AI72: Regional
B73: 46174 | C73: Janmotsav of Sri Sri Madhabdeva | D73: Monday | V73: Regional
B74: 46177 | C74: Saga Dawa | D74: Thursday | S74: Regional | X74: Regional | Y74: Regional | AA74: Regional
A75: 46 | B75: 46188 | C75: Raja Sankranti / YMA Day | D75: Monday | S75: Regional | X75: Regional | Y75: Regional | AA75: Regional
A76: 47 | B76: 46190 | C76: Chhatrasal Jayanti / Maharana Pratap Jayanti | D76: Wednesday | L76: Regional | O76: Regional
B77: 46191 | C77: Anugrah Narayan Sinha Jayanti | D77: Thursday | Q77: Regional
B78: 46195 | C78: Rev. Thomas Jones Day | D78: Monday
B79: 46196 | C79: Mahesh Navami (Jyeshtha Shukla-9) | D79: Tuesday | O79: Regional
A80: 48 | B80: 46197 | C80: Kharchi Puja (major Tripura festival) / Veerangana Durgavati Sacrifice Day | D80: Wednesday | O80: Regional
A81: 49 | B81: 46198 | C81: Muharram | D81: Thursday
A82: 50 | B82: 46199 | C82: Muharram | D82: Friday | L82: Regional | O82: Regional | Q82: Regional | AD82: Regional | AE82: Regional | AF82: Regional | AG82: Regional
B83: 46200 | C83: Muharram | D83: Saturday | Q83: Regional-WE
A84: 51 | B84: 46202 | C84: Sant Guru Kabir Jayanti | D84: Monday | O84: Regional | Q84: Regional
A85: 52 | B85: 46203 | C85: Remna Ni | D85: Tuesday
A86: 53 | B86: 46204 | C86: Guru Hargobind Ji’s Birthday | D86: Wednesday
A87: 54 | B87: 46209 | C87: MHIP Day | D87: Monday
A88: 55 | B88: 46212 | C88: Beh Deinkhlam | D88: Thursday | S88: Regional | X88: Regional | Y88: Regional | AA88: Regional
A89: 56 | B89: 46219 | C89: Rath Yatra | D89: Thursday | O89: Regional
A90: 57 | B90: 46220 | C90: Death. AnnIversary of U Tirot Sing | D90: Friday
B91: 46238 | C91: Chehallum | D91: Tuesday | Q91: Regional
B92: 46243 | C92: World Tribal Day | D92: Sunday | L92: Regional-WE
A93: 58 | B93: 46246 | C93: Karkadaka Vavu / Hareli | D93: Wednesday | O93: Regional
A94: 59 | B94: 46249 | C94: Independence Day | D94: Saturday | L94: National-WE | O94: National-WE | Q94: National-WE | S94: National-WE | V94: National -WE | X94: National -WE | Y94: National -WE | AA94: National -WE | AD94: National-WE | AE94: National-WE | AF94: National-WE | AG94: National-WE | AI94: National-WE
B95: 46251 | C95: Nag Panchami | D95: Monday | O95: Regional | S95: Regional | X95: Regional | Y95: Regional | AA95: Regional
B96: 46255 | C96: Varamahalakshmi Vrata | D96: Friday | AD96: Regional
B97: 46258 | C97: Final hearing Monday Shravana | D97: Monday | Q97: Regional
A98: 60 | B98: 46259 | C98: First Onam/ Milad-i-Sherif* (Birthday of Prophet Muhammed) | D98: Tuesday | AI98: Regional
A99: 61 | B99: 46260 | C99: Milad-un-Nabi / Id-e-Milad / Thiruvonam / Onam | D99: Wednesday | L99: Regional | O99: Regional | S99: Regional | X99: Regional | Y99: Regional | AA99: Regional | AD99: Regional | AE99: Regional | AF99: Regional | AG99: Regional
A100: 62 | B100: 46261 | C100: Third Onam / Yajur Upakarma | D100: Thursday | AD100: Regional
...

Sheet Sheet2
A1: National
A2: Regional
A3: Public
A4: Optional
A5: National-WE
A6: Regional-WE
A7: Public-WE
A8: Optional-WE

Sheet For Senior grades- 13 days
A1: Sl.no. | B1: Date | C1: Festival | D1: Day | E1: Delhi | F1: Chandigarh | G1: Haryana | H1: Himachal Pradesh | I1: Jammu & Kashmir | J1: Ladakh | K1: Punjab | L1: Rajasthan | M1: Uttarakhand | N1: Uttar Pradesh | O1: Chhattisgarh | P1: Madhya Pradesh | Q1: Bihar | R1: Jharkhand | S1: Odisha | T1: West Bengal | U1: Arunachal Pradesh | V1: Assam | W1: Manipur | X1: Meghalaya | Y1: Mizoram | Z1: Nagaland | AA1: Sikkim | AB1: Tripura | AC1: Andhra Pradesh | AD1: Karnataka | AE1: Kerala | AF1: Puducherry | AG1: Tamil Nadu | AH1: Telangana | AI1: Goa | AJ1: Gujarat | AK1: Maharashtra | XDX1: Yes
A2: 1 | B2: 46023 | C2: New Year’s Day | D2: Thursday | H2: Optional | N2: Regional | O2: Regional | Q2: Optional | T2: Regional | W2: Regional | X2: Optional | Y2: Optional | AA2: Optional | AD2: Regional | AE2: Optional | AF2: Regional | AG2: Optional | AI2: Optional | AJ2: =VLOOKUP(B2,'For A grades - 11 days'!B1:AJ187,35,0) -> Optional
A3: 2 | B3: 46024 | C3: Mannam Jayanthi | D3: Friday | Y3: Regional
A4: 3 | B4: 46025 | C4: Maa Shakambhari Jayanti & Cherchera / Birthday of Hazarat Ali / Savitribai Phule Jayanti | D4: Saturday | J4: Optional-WE | N4: Regional-WE | O4: Regional-WE
A5: 4 | B5: 46027 | C5: Guru Gobind Singh Jayanti / Losar (Tibetan New Year) | D5: Tuesday | J5: Optional | N5: Regional
A6: 5 | B6: 46029 | C6: Naga Army Day /Rajim Bhaktin Mata Jayanti | D6: Wednesday | O6: Regional
B7: 46031 | C7: Death Anniversary of (L) Maharaja Gambhir Singh | D7: Friday | W7: Regional
A8: 6 | B8: 46032 | C8: World Hindi Day | D8: Saturday | O8: Regional-WE
A9: 7 | B9: 46033 | C9: Missionary Day | D9: Sunday | Y9: Optional-WE
A10: 8 | B10: 46034 | C10: Birthday of Swami Vivekananda | D10: Monday | T10: Regional
A11: 9 | B11: 46035 | C11: Lohri | D11: Tuesday | J11: Optional
A12: 10 | B12: 46036 | C12: Pongal / Makar Sankranti/Magh Bihu & Tusu Puja | D12: Wednesday | H12: Optional | N12: Regional | O12: Regional | Q12: Regional | S12: Regional | V12: Regional | AJ12: =VLOOKUP(B12,'For A grades - 11 days'!B11:AJ200,35,0) -> Regional
A13: 11 | B13: 46037 | C13: Uttarayana Punyakala, Makara Sankranti Festival/Pongal | D13: Thursday | V13: Regional | AA13: Regional | AD13: Regional | AE13: Regional | AF13: Regional | AG13: Regional | AJ13: =VLOOKUP(B13,'For A grades - 11 days'!B12:AJ201,35,0) -> Optional
A14: 12 | B14: 46038 | C14: Thiruvalluvar Day / Mattu Pongal / Kanuma (AP only) | D14: Friday | AE14: Regional | AF14: Regional | AG14: Regional
A15: 13 | B15: 46039 | C15: Uzhavar Thirunal | D15: Saturday | J15: Optional-WE | AE15: Regional-WE | AG15: Regional-WE
A16: 14 | B16: 46041 | C16: Sonam Lhosar / Sonam Lhochhar | D16: Monday | AA16: Optional
A17: 15 | B17: 46042 | C17: Shaheed Gaindsingh Shahadat Diwas | D17: Tuesday | O17: Regional
A18: 16 | B18: 46045 | C18: Basanta Panchami / Netaji Subhas Chandra Bose’s Birthday | D18: Friday | H18: Optional | N18: Regional | O18: Regional | Q18: Regional | S18: Regional | T18: Regional | V18: Regional
A19: 17 | B19: 46046 | C19: Karpoori Thakur Jayanti | D19: Saturday | N19: Regional-WE | Q19: Regional-WE
A20: 18 | B20: 46047 | C20: Deonarayan Jayanti / Statehood Day | D20: Sunday | H20: Regional-WE | L20: Regional-WE
A21: 19 | B21: 46048 | C21: Republic Day | D21: Monday | H21: National | J21: National | L21: National | N21: National | O21: National | Q21: National | S21: National | T21: National | V21: National | W21: National | X21: National | Y21: National | AA21: National | AD21: National | AE21: National | AF21: National | AG21: National | AI21: National | AJ21: =VLOOKUP(B21,'For A grades - 11 days'!B20:AJ209,35,0) -> National
A22: 20 | B22: 46049 | C22: Gwthar Bathou San (Assam-specific)/Sri Madvanavami | D22: Tuesday | V22: Regional | AD22: Regional
A23: 21 | B23: 46051 | C23: Guru Gobind Singh Jayanti /Saraswati Puja | D23: Thursday
A24: 22 | B24: 46053 | C24: Me-Dam-Me-Phi | D24: Saturday | V24: Regional-WE | AJ24: =VLOOKUP(B24,'For A grades - 11 days'!B23:AJ212,35,0) -> Optional-WE
A25: 23 | B25: 46054 | C25: Sant Ravidas Jayanthi | D25: Sunday | H25: Regional-WE | N25: Regional-WE | Q25: Regional-WE | V25: Regional-WE | AE25: Regional-WE | AG25: Regional-WE
A26: 24 | B26: 46056 | C26: Shab-e-Barat | D26: Tuesday | O26: Regional
A27: 25 | B27: 46057 | C27: Shab-e-Barath | D27: Wednesday | N27: Regional | Q27: Regional | AD27: Regional | AJ27: =VLOOKUP(B27,'For A grades - 11 days'!B26:AJ215,35,0) -> Optional
A28: 26 | B28: 46065 | C28: Maharshi Dayanand Saraswati Jayanti | D28: Thursday | H28: Optional | O28: Regional
A29: 27 | B29: 46068 | C29: Mahasivarathri | D29: Sunday | H29: Regional-WE | J29: Optional-WE | L29: Regional-WE | N29: Regional-WE | S29: Regional-WE | T29: Regional-WE | W29: Regional-WE | AI29: Regional-WE | AJ29: =VLOOKUP(B29,'For A grades - 11 days'!B28:AJ217,35,0) -> Regional-WE
A30: 28 | B30: 46069 | C30: Mahashivrathri / Mela Dosmoche | D30: Monday | J30: Optional | Q30: Regional
A31: 29 | B31: 46071 | C31: Losar (Tibetan New Year) | D31: Wednesday | AA31: Regional
A32: 30 | B32: 46072 | C32: Guru Rinpoche Day (commonly given in Leh) / Chhatrapati Shivaji Maharaj Jayanti | D32: Thursday | O32: Regional
A33: 31 | B33: 46073 | C33: State Day | D33: Friday | Y33: Regional
A34: 32 | B34: 46079 | C34: Akhil Sikkim Khas Chettri Bahun Kalyan Sangh's Foundation Day | D34: Thursday | AA34: Regional
A35: 33 | B35: 46083 | C35: Holi ka dahan / Ramzan | D35: Monday | L35: Regional | N35: Regional | Q35: Regional | AD35: Regional
A36: 34 | B36: 46084 | C36: Holi / Tangpe Chongya | D36: Tuesday | J36: Optional | L36: Regional | O36: Regional | Q36: Regional | T36: Regional | V36: Regional | W36: Regional | AA36: Regional | AI36: Regional | AJ36: =VLOOKUP(B36,'For A grades - 11 days'!B35:AJ224,35,0) -> Optional
A37: 35 | B37: 46085 | C37: Holi | D37: Wednesday | H37: Regional | J37: Regional | N37: Regional | O37: Regional | S37: Regional | W37: Regional | X37: Regional | Y37: Regional | AJ37: =VLOOKUP(B37,'For A grades - 11 days'!B36:AJ225,35,0) -> Regional
A38: 36 | B38: 46086 | C38: Bhai-Dooj (Holi) | D38: Thursday | N38: Regional | O38: Regional
A39: 37 | B39: 46092 | C39: Sahahdat-e- hazrat Ali | D39: Wednesday | AJ39: =VLOOKUP(B39,'For A grades - 11 days'!B38:AJ227,35,0) -> Optional
A40: 38 | B40: 46094 | C40: Chapchar Kut | D40: Friday | J40: Optional | N40: Regional | Y40: Regional
A41: 39 | B41: 46098 | C41: Shab-i-Qadr | D41: Tuesday | AD41: Regional
A42: 40 | B42: 46100 | C42: Ugadi Festival / Telegu New Year /Gudi Padava | D42: Thursday | J42: Optional | N42: Regional | O42: Regional | W42: Regional | AD42: Regional | AE42: Regional | AG42: Regional | AI42: Regional | AJ42: =VLOOKUP(B42,'For A grades - 11 days'!B40:AJ229,35,0) -> Regional
A43: 41 | B43: 46101 | C43: Id-ul-Fitr (Ramzan)* / Gudi Padwa / Ugadi (Telugu New Year)/Cheti Chand/ Jamat-ul-Vida | D43: Friday | J43: Optional | L43: Regional | O43: Regional | AA43: Regional | AD43: Regional | AF43: Regional
A44: 42 | B44: 46102 | C44: Id-ul-Fitr (Tentative) / Khutub-E-Ramzan | D44: Saturday | H44: Regional-WE | J44: Regional-WE | L44: Regional-WE | N44: Regional-WE | O44: Regional-WE | Q44: Regional-WE | S44: Regional-WE | T44: Regional-WE | V44: Regional-WE | W44: Regional-WE | X44: National -WE | Y44: Regional-WE | AD44: Regional-WE | AE44: Regional-WE | AG44: Regional-WE | AI44: Regional-WE | AJ44: =VLOOKUP(B44,'For A grades - 11 days'!B42:AJ231,35,0) -> Regional-WE
A45: 43 | B45: 46103 | C45: Eid ul Fitr (Eid) | D45: Sunday | N45: Regional-WE | Q45: Regional-WE
A46: 44 | B46: 46104 | C46: Devara Daseemaiah Jayanthi / Guha Nishadraj Jayanti | D46: Monday | O46: Regional | AD46: Regional
A47: 45 | B47: 46107 | C47: Ram Navami / Emperor Ashoka Ashtami | D47: Thursday | H47: Regional | J47: Optional | L47: Regional | N47: Regional | O47: Regional | Q47: Regional | T47: Regional | Y47: Regional | AI47: Regional | AJ47: =VLOOKUP(B47,'For A grades - 11 days'!B45:AJ234,35,0) -> Regional
A48: 46 | B48: 46108 | C48: Shree Ram Navami | D48: Friday | S48: Regional | AD48: Regional
A49: 47 | B49: 46112 | C49: Mahavir Jayanti | D49: Tuesday | H49: Optional | L49: Regional | N49: Regional | O49: Regional | T49: Regional | Y49: Regional | AD49: Regional | AE49: Regional | AG49: Regional | AJ49: =VLOOKUP(B49,'For A grades - 11 days'!B47:AJ236,35,0) -> Regional
A50: 48 | B50: 46113 | C50: Annual Account Closing for Banks / Hatkeshwar Jayanti | D50: Wednesday | N50: Regional | O50: Regional | S50: Regional | AE50: Regional | AG50: Regional | AI50: Optional | AJ50: =VLOOKUP(B50,'For A grades - 11 days'!B48:AJ237,35,0) -> Optional
A51: 49 | B51: 46114 | C51: Maundy Thursday / Dharti Pooja (Khaddi Parv) | D51: Thursday | O51: Regional | AJ51: =VLOOKUP(B51,'For A grades - 11 days'!B49:AJ238,35,0) -> Optional
A52: 50 | B52: 46115 | C52: Good Friday | D52: Friday | H52: Regional | J52: Optional | L52: Regional | N52: Regional | O52: Regional | Q52: Regional | S52: Regional | T52: Regional | V52: Regional | W52: Regional | X52: Regional | Y52: Regional | AA52: Regional | AD52: Regional | AE52: Regional | AF52: Regional | AG52: Regional | AI52: Regional | AJ52: =VLOOKUP(B52,'For A grades - 11 days'!B50:AJ239,35,0) -> Regional
A53: 51 | B53: 46116 | C53: Holy Saturday | D53: Saturday | N53: Regional-WE | T53: Regional-WE | AD53: Regional-WE
A54: 52 | B54: 46117 | C54: Easter | D54: Sunday | H54: Optional-WE | N54: Regional-WE | AE54: Regional-WE
B55: 46118 | C55: Easter Monday | D55: Monday | N55: Regional
A56: 53 | B56: 46123 | C56: Mahatma Jyotiba Phule Jayanti | D56: Saturday | L56: Regional-WE
A57: 54 | B57: 46125 | C57: Shrimad Vallabhacharya Jayanti | D57: Monday | O57: Regional | AJ57: =VLOOKUP(B57,'For A grades - 11 days'!B54:AJ243,35,0) -> Optional
A58: 55 | B58: 46126 | C58: Dr. B. R. Ambedkar Jayanthi / Tamil New Year / Maha Visuva Shankranti / Bohag Bihu (Assamese New Year) / Cheiraoba (Manipuri New Year)/Bengali New Year /Vaisakhi/ Pohela Boishakh | D58: Tuesday | H58: Regional | J58: Regional | L58: National | N58: Regional | O58: Regional | Q58: Regional | S58: Regional | T58: Regional | V58: Regional | W58: Regional | AA58: Regional | AD58: Regional | AE58: Regional | AF58: Regional | AG58: Regional | AI58: Regional | AJ58: =VLOOKUP(B58,'For A grades - 11 days'!B56:AJ244,35,0) -> Regional
A59: 56 | B59: 46127 | C59: Vishu / Himachal Day / Bohag Bihu/ Bengali New Year | D59: Wednesday | H59: Regional | T59: Regional | V59: Regional | AF59: Regional
A60: 57 | B60: 46128 | C60: Bohag Bihu - Day 3 | D60: Thursday | V60: Regional
B61: 46129 | C61: Chandrashekhar Jayanti | D61: Friday | N61: Regional
A62: 58 | B62: 46130 | C62: Tithi of Damodar Deva | D62: Saturday | V62: Regional-WE
A63: 59 | B63: 46131 | C63: Parshuram Jayanti | D63: Sunday | H63: Regional-WE | L63: Regional-WE | N63: Regional-WE | AJ63: =VLOOKUP(B63,'For A grades - 11 days'!B60:AJ248,35,0) -> Regional-WE
A64: 60 | B64: 46132 | C64: Basava Jayanthi, Akshaya Tritiya / Parshuram Jayanti | D64: Monday | O64: Regional | AD64: Regional
A65: 61 | B65: 46133 | C65: Sri Shankarayacharya Jayanthi | D65: Tuesday | V65: Regional | AD65: Regional | AJ65: =VLOOKUP(B65,'For A grades - 11 days'!B63:AJ250,35,0) -> Optional
A66: 62 | B66: 46134 | C66: Shankaracharya Jayanti | D66: Wednesday | O66: Regional | AD66: Regional | AJ66: =VLOOKUP(B66,'For A grades - 11 days'!B64:AJ251,35,0) -> Optional
A67: 63 | B67: 46135 | C67: Veer Kunwar Singh Jayanthi | D67: Thursday | Q67: Regional | W67: Regional
A68: 64 | B68: 46137 | C68: Janaki Navami | D68: Saturday | Q68: Regional-WE
A69: 65 | B69: 46139 | C69: Ram Navami | D69: Monday | Q69: Regional
A70: 66 | B70: 46143 | C70: Buddha Purnima/May day / Maharashtra Day | D70: Friday | H70: Regional | J70: Regional | N70: Regional | O70: Regional | Q70: Regional | T70: Regional | V70: Regional | W70: Regional | Y70: Regional | AD70: Regional | AE70: National | AF70: Regional | AG70: National | AI70: National | AJ70: =VLOOKUP(B70,'For A grades - 11 days'!B68:AJ255,35,0) -> Optional
A71: 67 | B71: 46149 | C71: BuddhaPurnima | D71: Thursday
A72: 68 | B72: 46151 | C72: Birthday of Rabindranath Tagore | D72: Saturday | H72: Optional-WE | N72: Regional-WE | T72: Regional-WE
A73: 69 | B73: 46158 | C73: Sikkim State Day | D73: Saturday
A74: 70 | B74: 46164 | C74: Shavuoth | D74: Friday | AJ74: =VLOOKUP(B74,'For A grades - 11 days'!B72:AJ259,35,0) -> Optional
A75: 71 | B75: 46169 | C75: Bakrid / Id-ul-Zuha / Saga Dawa (Buddhist festival) | D75: Wednesday | H75: Regional | J75: Regional | N75: Regional | O75: Regional | T75: Regional | V75: Regional | W75: Regional | X75: Regional | Y75: Regional | AF75: Regional | AJ75: =VLOOKUP(B75,'For A grades - 11 days'!B72:AJ259,35,0) -> Regional
A76: 72 | B76: 46170 | C76: Bakrid | D76: Thursday | L76: Regional | N76: Regional | Q76: Regional | AA76: Regional | AD76: Regional | AE76: Regional | AF76: Regional | AG76: Regional | AI76: Regional
A77: 73 | B77: 46174 | C77: Janmotsav of Sri Sri Madhabdeva | D77: Monday | V77: Regional
A78: 74 | B78: 46177 | C78: Saga Dawa | D78: Thursday | J78: Optional | AA78: Regional
A79: 75 | B79: 46188 | C79: Raja Sankranti / YMA Day | D79: Monday | S79: Regional | Y79: Regional | AA79: Regional
A80: 76 | B80: 46190 | C80: Chhatrasal Jayanti / Maharana Pratap Jayanti | D80: Wednesday | H80: Regional | L80: Regional | O80: Regional
A81: 77 | B81: 46191 | C81: Anugrah Narayan Sinha Jayanti | D81: Thursday | J81: Optional | Q81: Regional | AJ81: =VLOOKUP(B81,'For A grades - 11 days'!B78:AJ265,35,0) -> Optional
A82: 78 | B82: 46195 | C82: Rev. Thomas Jones Day | D82: Monday | X82: Regional
A83: 79 | B83: 46196 | C83: Mahesh Navami (Jyeshtha Shukla-9) | D83: Tuesday | O83: Regional
A84: 80 | B84: 46197 | C84: Kharchi Puja (major Tripura festival) / Veerangana Durgavati Sacrifice Day | D84: Wednesday | J84: Optional | O84: Regional
A85: 81 | B85: 46198 | C85: Muharram | D85: Thursday | N85: Regional | AJ85: =VLOOKUP(B85,'For A grades - 11 days'!B82:AJ269,35,0) -> Optional
A86: 82 | B86: 46199 | C86: Muharram | D86: Friday | H86: Regional | J86: Regional | L86: Regional | N86: Regional | O86: Regional | Q86: Regional | T86: Regional | Y86: Regional | AD86: Regional | AE86: Regional | AF86: Regional | AG86: Regional | AJ86: =VLOOKUP(B86,'For A grades - 11 days'!B83:AJ270,35,0) -> Regional
A87: 83 | B87: 46200 | C87: Muharram | D87: Saturday | Q87: Regional-WE
A88: 84 | B88: 46202 | C88: Sant Guru Kabir Jayanti | D88: Monday | H88: Regional | O88: Regional | Q88: Regional
A89: 85 | B89: 46203 | C89: Remna Ni / Hul Diwas | D89: Tuesday | T89: Regional | Y89: Regional
A90: 86 | B90: 46204 | C90: Guru Hargobind Ji’s Birthday | D90: Wednesday
A91: 87 | B91: 46208 | C91: Guru Hargobind Ji’s Birthday | D91: Sunday | J91: Regional-WE
A92: 88 | B92: 46209 | C92: MHIP Day | D92: Monday | Y92: Regional
A93: 89 | B93: 46212 | C93: Beh Deinkhlam | D93: Thursday | X93: Regional | AA93: Regional
A94: 90 | B94: 46216 | C94: Gatha Gahambae | D94: Monday | AJ94: =VLOOKUP(B94,'For A grades - 11 days'!B90:AJ277,35,0) -> Optional
A95: 91 | B95: 46218 | C95: Parsi New Year | D95: Wednesday | AJ95: =VLOOKUP(B95,'For A grades - 11 days'!B91:AJ278,35,0) -> Optional
A96: 92 | B96: 46219 | C96: Rath Yatra | D96: Thursday | O96: Regional | S96: Regional | W96: Regional | AJ96: =VLOOKUP(B96,'For A grades - 11 days'!B90:AJ277,35,0) -> Optional
A97: 93 | B97: 46220 | C97: Death. AnnIversary of U Tirot Sing | D97: Friday
A98: 94 | B98: 46224 | C98: Khordad Sal | D98: Tuesday | AJ98: =VLOOKUP(B98,'For A grades - 11 days'!B93:AJ279,35,0) -> Optional
A99: 95 | B99: 46226 | C99: Tisha-Bee-Aav | D99: Thursday | AJ99: =VLOOKUP(B99,'For A grades - 11 days'!B94:AJ280,35,0) -> Optional
A100: 96 | B100: 46238 | C100: Chehallum | D100: Tuesday | J100: Optional | N100: Regional | Q100: Regional
...

Sheet For A grades - 11 days
A1: Sl.no. | B1: Date | C1: Festival | D1: Day | E1: Delhi | F1: Chandigarh | G1: Haryana | H1: Himachal Pradesh | I1: Jammu & Kashmir | J1: Ladakh | K1: Punjab | L1: Rajasthan | M1: Uttarakhand | N1: Uttar Pradesh | O1: Chhattisgarh | P1: Madhya Pradesh | Q1: Bihar | R1: Jharkhand | S1: Odisha | T1: West Bengal | U1: Arunachal Pradesh | V1: Assam | W1: Manipur | X1: Meghalaya | Y1: Mizoram | Z1: Nagaland | AA1: Sikkim | AB1: Tripura | AC1: Andhra Pradesh | AD1: Karnataka | AE1: Kerala | AF1: Puducherry | AG1: Tamil Nadu | AH1: Telangana | AI1: Goa | AJ1: Gujarat | AK1: Maharashtra | XDX1: Yes
A2: 1 | B2: 46023 | C2: New Year’s Day | D2: Thursday | H2: =VLOOKUP(B2,'For Senior grades- 13 days'!B1:H186,7,0) -> Optional | N2: =VLOOKUP(B2,'For Senior grades- 13 days'!B1:N186,13,0) -> Regional | O2: Regional | Q2: Optional | T2: Regional | W2: =VLOOKUP(B2,'For Senior grades- 13 days'!B1:W186,22,0) -> Regional | X2: Optional | Y2: Optional | AA2: Optional | AD2: Regional | AE2: Optional | AF2: Regional | AG2: Optional | AI2: Optional | AJ2: Optional
A3: 2 | B3: 46024 | C3: Mannam Jayanthi | D3: Friday | Y3: Regional
A4: 3 | B4: 46025 | C4: Maa Shakambhari Jayanti & Cherchera / Birthday of Hazarat Ali / Savitribai Phule Jayanti | D4: Saturday | J4: =VLOOKUP(B4,'For Senior grades- 13 days'!B3:J188,9,0) -> Optional-WE | N4: =VLOOKUP(B4,'For Senior grades- 13 days'!B3:N188,13,0) -> Regional-WE | O4: Regional-WE
A5: 4 | B5: 46027 | C5: Guru Gobind Singh Jayanti / Losar (Tibetan New Year) | D5: Tuesday | J5: =VLOOKUP(B5,'For Senior grades- 13 days'!B4:J189,9,0) -> Optional | N5: =VLOOKUP(B5,'For Senior grades- 13 days'!B4:N189,13,0) -> Regional
A6: 5 | B6: 46029 | C6: Naga Army Day /Rajim Bhaktin Mata Jayanti | D6: Wednesday | O6: Regional
B7: 46031 | C7: Death Anniversary of (L) Maharaja Gambhir Singh | D7: Friday | W7: =VLOOKUP(B7,'For Senior grades- 13 days'!B6:W191,22,0) -> Regional
A8: 6 | B8: 46032 | C8: World Hindi Day | D8: Saturday | O8: Regional-WE
A9: 7 | B9: 46033 | C9: Missionary Day | D9: Sunday | Y9: Optional-WE
A10: 8 | B10: 46034 | C10: Birthday of Swami Vivekananda | D10: Monday | T10: =VLOOKUP(B10,'For Senior grades- 13 days'!B9:T193,19,0) -> Regional
A11: 9 | B11: 46035 | C11: Lohri | D11: Tuesday | J11: =VLOOKUP(B11,'For Senior grades- 13 days'!B10:J194,9,0) -> Optional
A12: 10 | B12: 46036 | C12: Pongal / Makar Sankranti/Magh Bihu & Tusu Puja | D12: Wednesday | H12: =VLOOKUP(B12,'For Senior grades- 13 days'!B11:H195,7,0) -> Optional | N12: =VLOOKUP(B12,'For Senior grades- 13 days'!B11:N196,13,0) -> Regional | O12: Regional | Q12: Regional | S12: Regional | V12: Regional | AJ12: Regional
A13: 11 | B13: 46037 | C13: Uttarayana Punyakala, Makara Sankranti Festival/Pongal | D13: Thursday | V13: Regional | AA13: Regional | AD13: Regional | AE13: Regional | AF13: Regional | AG13: Regional | AJ13: Optional
A14: 12 | B14: 46038 | C14: Thiruvalluvar Day / Mattu Pongal / Kanuma (AP only) | D14: Friday | AE14: Regional | AF14: Regional | AG14: Regional
A15: 13 | B15: 46039 | C15: Uzhavar Thirunal | D15: Saturday | J15: =VLOOKUP(B15,'For Senior grades- 13 days'!B14:J198,9,0) -> Optional-WE | AE15: Regional-WE | AG15: Regional-WE
A16: 14 | B16: 46041 | C16: Sonam Lhosar / Sonam Lhochhar | D16: Monday | AA16: Optional
A17: 15 | B17: 46042 | C17: Shaheed Gaindsingh Shahadat Diwas | D17: Tuesday | O17: Regional
A18: 16 | B18: 46045 | C18: Basanta Panchami / Netaji Subhas Chandra Bose’s Birthday | D18: Friday | H18: =VLOOKUP(B18,'For Senior grades- 13 days'!B17:H201,7,0) -> Optional | N18: =VLOOKUP(B18,'For Senior grades- 13 days'!B17:N202,13,0) -> Regional | O18: Regional | Q18: Regional | S18: Regional | T18: =VLOOKUP(B18,'For Senior grades- 13 days'!B17:T201,19,0) -> Regional | V18: Regional
A19: 17 | B19: 46046 | C19: Karpoori Thakur Jayanti | D19: Saturday | N19: =VLOOKUP(B19,'For Senior grades- 13 days'!B18:N203,13,0) -> Regional-WE | Q19: Regional-WE
A20: 18 | B20: 46047 | C20: Deonarayan Jayanti | D20: Sunday | H20: =VLOOKUP(B20,'For Senior grades- 13 days'!B19:H203,7,0) -> Regional-WE | L20: Regional-WE
A21: 19 | B21: 46048 | C21: Republic Day | D21: Monday | H21: =VLOOKUP(B21,'For Senior grades- 13 days'!B20:H204,7,0) -> National | J21: =VLOOKUP(B21,'For Senior grades- 13 days'!B20:J204,9,0) -> National | L21: National | N21: =VLOOKUP(B21,'For Senior grades- 13 days'!B20:N205,13,0) -> National | O21: National | Q21: National | S21: National | T21: National | V21: National | W21: =VLOOKUP(B21,'For Senior grades- 13 days'!B20:W205,22,0) -> National | X21: National | Y21: National | AA21: National | AD21: National | AE21: National | AF21: National | AG21: National | AI21: National | AJ21: National
A22: 20 | B22: 46049 | C22: Gwthar Bathou San (Assam-specific)/Sri Madvanavami | D22: Tuesday | V22: Regional | AD22: Regional
A23: 21 | B23: 46051 | C23: Guru Gobind Singh Jayanti /Saraswati Puja | D23: Thursday
A24: 22 | B24: 46053 | C24: Me-Dam-Me-Phi / Vishwakarma Jayanti | D24: Saturday | V24: Regional-WE | AJ24: Optional-WE
A25: 23 | B25: 46054 | C25: Sant Ravidas Jayanthi | D25: Sunday | H25: =VLOOKUP(B25,'For Senior grades- 13 days'!B24:H208,7,0) -> Regional-WE | N25: =VLOOKUP(B25,'For Senior grades- 13 days'!B24:N209,13,0) -> Regional-WE | Q25: Regional-WE | V25: Regional-WE | AE25: Regional-WE | AG25: Regional-WE
A26: 24 | B26: 46056 | C26: Shab-e-Barat | D26: Tuesday | O26: Regional
A27: 25 | B27: 46057 | C27: Shab-e-Barath | D27: Wednesday | N27: =VLOOKUP(B27,'For Senior grades- 13 days'!B26:N211,13,0) -> Regional | Q27: Regional | AD27: Regional | AJ27: Optional
A28: 26 | B28: 46065 | C28: Maharshi Dayanand Saraswati Jayanti | D28: Thursday | H28: =VLOOKUP(B28,'For Senior grades- 13 days'!B27:H211,7,0) -> Optional | O28: Regional
A29: 27 | B29: 46068 | C29: Mahasivarathri | D29: Sunday | H29: =VLOOKUP(B29,'For Senior grades- 13 days'!B28:H212,7,0) -> Regional-WE | J29: =VLOOKUP(B29,'For Senior grades- 13 days'!B28:J212,9,0) -> Optional-WE | L29: Regional-WE | N29: =VLOOKUP(B29,'For Senior grades- 13 days'!B28:N213,13,0) -> Regional-WE | S29: Regional-WE | T29: =VLOOKUP(B29,'For Senior grades- 13 days'!B28:T212,19,0) -> Regional-WE | W29: =VLOOKUP(B29,'For Senior grades- 13 days'!B28:W213,22,0) -> Regional-WE | AI29: Regional-WE | AJ29: Regional-WE
A30: 28 | B30: 46069 | C30: Mahashivrathri / Mela Dosmoche | D30: Monday | J30: =VLOOKUP(B30,'For Senior grades- 13 days'!B29:J213,9,0) -> Optional | Q30: Regional
A31: 29 | B31: 46071 | C31: Losar (Tibetan New Year) | D31: Wednesday | AA31: Regional
A32: 30 | B32: 46072 | C32: Guru Rinpoche Day (commonly given in Leh) / Chhatrapati Shivaji Maharaj Jayanti | D32: Thursday | O32: Regional
A33: 31 | B33: 46073 | C33: State Day | D33: Friday | Y33: Regional
A34: 32 | B34: 46079 | C34: Akhil Sikkim Khas Chettri Bahun Kalyan Sangh's Foundation Day | D34: Thursday | AA34: Regional
A35: 33 | B35: 46083 | C35: Holi ka dahan / Ramzan | D35: Monday | L35: Regional | N35: =VLOOKUP(B35,'For Senior grades- 13 days'!B34:N219,13,0) -> Regional | Q35: Regional | AD35: Regional
A36: 34 | B36: 46084 | C36: Holi / Tangpe Chongya | D36: Tuesday | J36: =VLOOKUP(B36,'For Senior grades- 13 days'!B35:J219,9,0) -> Optional | L36: Regional | O36: Regional | Q36: Regional | T36: Regional | V36: Regional | W36: =VLOOKUP(B36,'For Senior grades- 13 days'!B35:W220,22,0) -> Regional | AA36: Regional | AI36: Regional | AJ36: Optional
A37: 35 | B37: 46085 | C37: Holi | D37: Wednesday | H37: =VLOOKUP(B37,'For Senior grades- 13 days'!B36:H220,7,0) -> Regional | J37: =VLOOKUP(B37,'For Senior grades- 13 days'!B36:J220,9,0) -> Regional | N37: =VLOOKUP(B37,'For Senior grades- 13 days'!B36:N221,13,0) -> Regional | O37: Regional | S37: Regional | W37: =VLOOKUP(B37,'For Senior grades- 13 days'!B36:W221,22,0) -> Regional | X37: Regional | Y37: Regional | AJ37: Regional
A38: 36 | B38: 46086 | C38: Bhai-Dooj (Holi) | D38: Thursday | N38: =VLOOKUP(B38,'For Senior grades- 13 days'!B37:N222,13,0) -> Regional | O38: Regional
A39: 37 | B39: 46092 | C39: Sahahdat-e- hazrat Ali | D39: Wednesday | AJ39: Optional
A40: 38 | B40: 46094 | C40: Chapchar Kut | D40: Friday | J40: =VLOOKUP(B40,'For Senior grades- 13 days'!B39:J223,9,0) -> Optional | N40: =VLOOKUP(B40,'For Senior grades- 13 days'!B39:N224,13,0) -> Regional | Y40: Regional
A41: 39 | B41: 46098 | C41: Shab-i-Qadr | D41: Tuesday | AD41: Regional
A42: 40 | B42: 46100 | C42: Ugadi Festival / Telegu New Year /Gudi Padava / Chetichand | D42: Thursday | J42: =VLOOKUP(B42,'For Senior grades- 13 days'!B41:J225,9,0) -> Optional | N42: =VLOOKUP(B42,'For Senior grades- 13 days'!B41:N226,13,0) -> Regional | O42: Regional | W42: =VLOOKUP(B42,'For Senior grades- 13 days'!B41:W226,22,0) -> Regional | AD42: Regional | AE42: Regional | AG42: Regional | AI42: Regional | AJ42: Regional
A43: 41 | B43: 46101 | C43: Id-ul-Fitr (Ramzan)* / Gudi Padwa / Ugadi (Telugu New Year)/Cheti Chand/ Jamat-ul-Vida | D43: Friday | J43: =VLOOKUP(B43,'For Senior grades- 13 days'!B42:J226,9,0) -> Optional | L43: Regional | O43: Regional | AA43: Regional | AD43: Regional | AF43: Regional
A44: 42 | B44: 46102 | C44: Id-ul-Fitr (Tentative) / Khutub-E-Ramzan | D44: Saturday | H44: =VLOOKUP(B44,'For Senior grades- 13 days'!B43:H227,7,0) -> Regional-WE | J44: =VLOOKUP(B44,'For Senior grades- 13 days'!B43:J227,9,0) -> Regional-WE | L44: Regional-WE | N44: =VLOOKUP(B44,'For Senior grades- 13 days'!B43:N228,13,0) -> Regional-WE | O44: Regional-WE | Q44: Regional-WE | S44: Regional-WE | T44: =VLOOKUP(B44,'For Senior grades- 13 days'!B43:T226,19,0) -> Regional-WE | V44: Regional-WE | W44: =VLOOKUP(B44,'For Senior grades- 13 days'!B43:W228,22,0) -> Regional-WE | X44: National -WE | Y44: Regional-WE | AD44: Regional-WE | AE44: Regional-WE | AG44: Regional-WE | AI44: Regional-WE | AJ44: Regional-WE
A45: 43 | B45: 46103 | C45: Eid ul Fitr (Eid) | D45: Sunday | N45: =VLOOKUP(B45,'For Senior grades- 13 days'!B44:N229,13,0) -> Regional-WE | Q45: Regional-WE
A46: 44 | B46: 46104 | C46: Devara Daseemaiah Jayanthi / Guha Nishadraj Jayanti | D46: Monday | O46: Regional | AD46: Regional
A47: 45 | B47: 46107 | C47: Ram Navami / Emperor Ashoka Ashtami | D47: Thursday | H47: =VLOOKUP(B47,'For Senior grades- 13 days'!B46:H230,7,0) -> Regional | J47: =VLOOKUP(B47,'For Senior grades- 13 days'!B46:J230,9,0) -> Optional | L47: Regional | N47: =VLOOKUP(B47,'For Senior grades- 13 days'!B46:N231,13,0) -> Regional | O47: Regional | Q47: Regional | T47: =VLOOKUP(B47,'For Senior grades- 13 days'!B46:T229,19,0) -> Regional | Y47: Regional | AI47: Regional | AJ47: Regional
A48: 46 | B48: 46108 | C48: Shree Ram Navami | D48: Friday | S48: Regional | AD48: Regional
A49: 47 | B49: 46112 | C49: Mahavir Jayanti | D49: Tuesday | H49: =VLOOKUP(B49,'For Senior grades- 13 days'!B48:H232,7,0) -> Optional | L49: Regional | N49: =VLOOKUP(B49,'For Senior grades- 13 days'!B48:N233,13,0) -> Regional | O49: Regional | T49: =VLOOKUP(B49,'For Senior grades- 13 days'!B48:T231,19,0) -> Regional | Y49: Regional | AD49: Regional | AE49: Regional | AG49: Regional | AJ49: Regional
A50: 48 | B50: 46113 | C50: Annual Account Closing for Banks / Hatkeshwar Jayanti | D50: Wednesday | N50: =VLOOKUP(B50,'For Senior grades- 13 days'!B49:N234,13,0) -> Regional | O50: Regional | S50: Regional | AE50: Regional | AG50: Regional | AI50: Optional | AJ50: Optional
A51: 49 | B51: 46114 | C51: Maundy Thursday / Dharti Pooja (Khaddi Parv) | D51: Thursday | O51: Regional | AJ51: Optional
A52: 50 | B52: 46115 | C52: Good Friday | D52: Friday | H52: =VLOOKUP(B52,'For Senior grades- 13 days'!B51:H235,7,0) -> Regional | J52: =VLOOKUP(B52,'For Senior grades- 13 days'!B51:J235,9,0) -> Optional | L52: Regional | N52: =VLOOKUP(B52,'For Senior grades- 13 days'!B51:N236,13,0) -> Regional | O52: Regional | Q52: Regional | S52: Regional | T52: Regional | V52: Regional | W52: =VLOOKUP(B52,'For Senior grades- 13 days'!B51:W236,22,0) -> Regional | X52: Regional | Y52: Regional | AA52: Regional | AD52: Regional | AE52: Regional | AF52: Regional | AG52: Regional | AI52: Regional | AJ52: Regional
A53: 51 | B53: 46116 | C53: Holy Saturday | D53: Saturday | N53: =VLOOKUP(B53,'For Senior grades- 13 days'!B52:N237,13,0) -> Regional-WE | T53: =VLOOKUP(B53,'For Senior grades- 13 days'!B52:T235,19,0) -> Regional-WE | AD53: Regional-WE
A54: 52 | B54: 46117 | C54: Easter | D54: Sunday | H54: =VLOOKUP(B54,'For Senior grades- 13 days'!B53:H237,7,0) -> Optional-WE | N54: =VLOOKUP(B54,'For Senior grades- 13 days'!B53:N238,13,0) -> Regional-WE | AE54: Regional-WE
B55: 46118 | C55: Easter Monday | D55: Monday | N55: =VLOOKUP(B55,'For Senior grades- 13 days'!B54:N239,13,0) -> Regional
A56: 53 | B56: 46123 | C56: Mahatma Jyotiba Phule Jayanti | D56: Saturday | L56: Regional-WE
A57: 54 | B57: 46125 | C57: Shrimad Vallabhacharya Jayanti | D57: Monday | O57: Regional | AJ57: Optional
A58: 55 | B58: 46126 | C58: Dr. B. R. Ambedkar Jayanthi / Tamil New Year / Maha Visuva Shankranti / Bohag Bihu (Assamese New Year) / Cheiraoba (Manipuri New Year)/Bengali New Year /Vaisakhi/ Pohela Boishakh | D58: Tuesday | H58: =VLOOKUP(B58,'For Senior grades- 13 days'!B57:H240,7,0) -> Regional | J58: =VLOOKUP(B58,'For Senior grades- 13 days'!B57:J240,9,0) -> Regional | L58: National | N58: =VLOOKUP(B58,'For Senior grades- 13 days'!B57:N242,13,0) -> Regional | O58: Regional | Q58: Regional | S58: Regional | T58: =VLOOKUP(B58,'For Senior grades- 13 days'!B57:T239,19,0) -> Regional | V58: Regional | W58: =VLOOKUP(B58,'For Senior grades- 13 days'!B57:W241,22,0) -> Regional | AA58: Regional | AD58: Regional | AE58: Regional | AF58: Regional | AG58: Regional | AI58: Regional | AJ58: Regional
A59: 56 | B59: 46127 | C59: Vishu / Himachal Day / Bohag Bihu/Bengali New Year | D59: Wednesday | H59: =VLOOKUP(B59,'For Senior grades- 13 days'!B58:H241,7,0) -> Regional | T59: Regional | V59: Regional | AF59: Regional
A60: 57 | B60: 46128 | C60: Bohag Bihu - Day 3 | D60: Thursday | V60: Regional
B61: 46129 | C61: Chandrashekhar Jayanti | D61: Friday | N61: =VLOOKUP(B61,'For Senior grades- 13 days'!B60:N245,13,0) -> Regional
A62: 58 | B62: 46130 | C62: Tithi of Damodar Deva | D62: Saturday | V62: Regional-WE
A63: 59 | B63: 46131 | C63: Parshuram Jayanti | D63: Sunday | H63: =VLOOKUP(B63,'For Senior grades- 13 days'!B62:H244,7,0) -> Regional-WE | L63: Regional-WE | N63: =VLOOKUP(B63,'For Senior grades- 13 days'!B62:N247,13,0) -> Regional-WE | AJ63: Regional-WE
A64: 60 | B64: 46132 | C64: Basava Jayanthi, Akshaya Tritiya / Parshuram Jayanti | D64: Monday | O64: Regional | AD64: Regional
A65: 61 | B65: 46133 | C65: Sri Shankarayacharya Jayanthi | D65: Tuesday | V65: Regional | AD65: Regional | AJ65: Optional
A66: 62 | B66: 46134 | C66: Shankaracharya Jayanti | D66: Wednesday | O66: Regional | AD66: Regional | AJ66: Optional
A67: 63 | B67: 46135 | C67: Veer Kunwar Singh Jayanthi | D67: Thursday | Q67: Regional | W67: =VLOOKUP(B67,'For Senior grades- 13 days'!B66:W249,22,0) -> Regional
A68: 64 | B68: 46137 | C68: Janaki Navami | D68: Saturday | Q68: Regional-WE
A69: 65 | B69: 46139 | C69: Ram Navami | D69: Monday | Q69: Regional
A70: 66 | B70: 46143 | C70: Buddha Purnima/May day / Maharashtra Day | D70: Friday | H70: =VLOOKUP(B70,'For Senior grades- 13 days'!B69:H251,7,0) -> Regional | J70: =VLOOKUP(B70,'For Senior grades- 13 days'!B69:J251,9,0) -> Regional | N70: =VLOOKUP(B70,'For Senior grades- 13 days'!B69:N254,13,0) -> Regional | O70: Regional | Q70: Regional | T70: Regional | V70: Regional | W70: =VLOOKUP(B70,'For Senior grades- 13 days'!B69:W252,22,0) -> Regional | Y70: Regional | AD70: Regional | AE70: National | AF70: Regional | AG70: National | AI70: National | AJ70: Optional
A71: 67 | B71: 46149 | C71: BuddhaPurnima | D71: Thursday
A72: 68 | B72: 46150 | C72: Birthday of Rabindranath Tagore | D72: Friday
A73: 69 | B73: 46151 | C73: Birthday of Rabindranath Tagore | D73: Saturday | H73: =VLOOKUP(B73,'For Senior grades- 13 days'!B72:H254,7,0) -> Optional-WE | N73: =VLOOKUP(B73,'For Senior grades- 13 days'!B72:N257,13,0) -> Regional-WE | T73: Regional-WE
A74: 70 | B74: 46158 | C74: Sikkim State Day | D74: Saturday
A75: 71 | B75: 46164 | C75: Shavuoth | D75: Friday | AJ75: Optional
A76: 72 | B76: 46169 | C76: Bakrid / Id-ul-Zuha / Saga Dawa (Buddhist festival) | D76: Wednesday | H76: =VLOOKUP(B76,'For Senior grades- 13 days'!B75:H257,7,0) -> Regional | J76: =VLOOKUP(B76,'For Senior grades- 13 days'!B75:J257,9,0) -> Regional | N76: =VLOOKUP(B76,'For Senior grades- 13 days'!B75:N260,13,0) -> Regional | O76: Regional | T76: =VLOOKUP(B76,'For Senior grades- 13 days'!B73:T254,19,0) -> Regional | V76: Regional | W76: =VLOOKUP(B76,'For Senior grades- 13 days'!B75:W258,22,0) -> Regional | X76: Regional | Y76: Regional | AF76: Regional | AJ76: Regional
A77: 73 | B77: 46170 | C77: Bakrid | D77: Thursday | L77: Regional | N77: =VLOOKUP(B77,'For Senior grades- 13 days'!B76:N261,13,0) -> Regional | Q77: Regional | AA77: Regional | AD77: Regional | AE77: Regional | AF77: Regional | AG77: Regional | AI77: Regional
A78: 74 | B78: 46174 | C78: Janmotsav of Sri Sri Madhabdeva | D78: Monday | V78: Regional
A79: 75 | B79: 46177 | C79: Saga Dawa | D79: Thursday | J79: =VLOOKUP(B79,'For Senior grades- 13 days'!B78:J260,9,0) -> Optional | AA79: Regional
A80: 76 | B80: 46188 | C80: Raja Sankranti / YMA Day | D80: Monday | S80: Regional | Y80: Regional | AA80: Regional
A81: 77 | B81: 46190 | C81: Chhatrasal Jayanti / Maharana Pratap Jayanti | D81: Wednesday | H81: =VLOOKUP(B81,'For Senior grades- 13 days'!B80:H262,7,0) -> Regional | L81: Regional | O81: Regional
A82: 78 | B82: 46191 | C82: Anugrah Narayan Sinha Jayanti | D82: Thursday | J82: =VLOOKUP(B82,'For Senior grades- 13 days'!B81:J263,9,0) -> Optional | Q82: Regional | AJ82: Optional
A83: 79 | B83: 46195 | C83: Rev. Thomas Jones Day | D83: Monday | X83: Regional
A84: 80 | B84: 46196 | C84: Mahesh Navami (Jyeshtha Shukla-9) | D84: Tuesday | O84: Regional
A85: 81 | B85: 46197 | C85: Kharchi Puja (major Tripura festival) / Veerangana Durgavati Sacrifice Day | D85: Wednesday | J85: =VLOOKUP(B85,'For Senior grades- 13 days'!B84:J266,9,0) -> Optional | O85: Regional
A86: 82 | B86: 46198 | C86: Muharram | D86: Thursday | N86: =VLOOKUP(B86,'For Senior grades- 13 days'!B85:N270,13,0) -> Regional | AJ86: Optional
A87: 83 | B87: 46199 | C87: Muharram | D87: Friday | H87: =VLOOKUP(B87,'For Senior grades- 13 days'!B86:H268,7,0) -> Regional | J87: =VLOOKUP(B87,'For Senior grades- 13 days'!B86:J268,9,0) -> Regional | L87: Regional | N87: =VLOOKUP(B87,'For Senior grades- 13 days'!B86:N271,13,0) -> Regional | O87: Regional | Q87: Regional | T87: Regional | Y87: Regional | AD87: Regional | AE87: Regional | AF87: Regional | AG87: Regional | AJ87: Regional
A88: 84 | B88: 46200 | C88: Muharram | D88: Saturday | Q88: Regional-WE
A89: 85 | B89: 46202 | C89: Sant Guru Kabir Jayanti | D89: Monday | H89: =VLOOKUP(B89,'For Senior grades- 13 days'!B88:H270,7,0) -> Regional | O89: Regional | Q89: Regional
A90: 86 | B90: 46203 | C90: Remna Ni | D90: Tuesday | T90: =VLOOKUP(B90,'For Senior grades- 13 days'!B88:T268,19,0) -> Regional | Y90: Regional
A91: 87 | B91: 46204 | C91: Guru Hargobind Ji’s Birthday | D91: Wednesday
A92: 88 | B92: 46208 | C92: Guru Hargobind Ji’s Birthday | D92: Sunday | J92: =VLOOKUP(B92,'For Senior grades- 13 days'!B91:J273,9,0) -> Regional-WE
A93: 89 | B93: 46209 | C93: MHIP Day | D93: Monday | Y93: Regional
A94: 90 | B94: 46212 | C94: Beh Deinkhlam | D94: Thursday | X94: Regional | AA94: Regional
A95: 91 | B95: 46216 | C95: Gatha Gahambae | D95: Monday | AJ95: Optional
A96: 92 | B96: 46218 | C96: Parsi New Year | D96: Wednesday | AJ96: Optional
A97: 93 | B97: 46219 | C97: Rath Yatra | D97: Thursday | O97: Regional | S97: Regional | W97: =VLOOKUP(B97,'For Senior grades- 13 days'!B96:W279,22,0) -> Regional | AJ97: Optional
A98: 94 | B98: 46220 | C98: Death. AnnIversary of U Tirot Sing | D98: Friday
A99: 95 | B99: 46224 | C99: Khordad Sal | D99: Tuesday | AJ99: Optional
A100: 96 | B100: 46226 | C100: Tisha-Bee-Aav | D100: Thursday | AJ100: Optional
...

Sheet All ecxept A grades - 13 days
A1: Sl.no. | B1: Date | C1: Festival | D1: Day | E1: Delhi | F1: Chandigarh | G1: Haryana | H1: Himachal Pradesh | I1: Jammu & Kashmir | J1: Ladakh | K1: Punjab | L1: Rajasthan | M1: Uttarakhand | N1: Uttar Pradesh | O1: Chhattisgarh | P1: Madhya Pradesh | Q1: Bihar | R1: Jharkhand | S1: Odisha | T1: West Bengal | U1: Arunachal Pradesh | V1: Assam | W1: Manipur | X1: Meghalaya | Y1: Mizoram | Z1: Nagaland | AA1: Sikkim | AB1: Tripura | AC1: Andhra Pradesh | AD1: Karnataka | AE1: Kerala | AF1: Puducherry | AG1: Tamil Nadu | AH1: Telangana | AI1: Goa | AJ1: Gujarat | AK1: Maharashtra | XDX1: Yes
A2: 1 | B2: 46023 | C2: New Year’s Day | D2: Thursday | E2: Digi_Festival | F2: Digi_Festival | G2: Digi_Festival | H2: Digi_Festival | I2: Digi_Festival | K2: Digi_Festival | M2: Digi_Festival | N2: Digi_Festival | O2: Digi_Festival | P2: Digi_Festival | Q2: Digi_Festival | R2: Digi_Festival | S2: Digi_Festival | T2: Digi_Festival | U2: Digi_Festival | W2: Digi_Festival | X2: Digi_Festival | Y2: Digi_Festival | Z2: Digi_Festival | AA2: Digi_Festival | AB2: Digi_Festival | AC2: Digi_Festival | AD2: Digi_Festival | AE2: Digi_Festival | AF2: Digi_Festival | AG2: Digi_Festival | AH2: Digi_Festival | AI2: Digi_Festival | AJ2: Digi_Festival | AK2: Digi_Festival
A3: 2 | B3: 46024 | C3: Mannam Jayanthi | D3: Friday
A4: 3 | B4: 46025 | C4: Maa Shakambhari Jayanti & Cherchera / Birthday of Hazarat Ali / Savitribai Phule Jayanti | D4: Saturday
A5: 4 | B5: 46027 | C5: Guru Gobind Singh Jayanti / Losar (Tibetan New Year) | D5: Tuesday | J5: Digi_Festival
A6: 5 | B6: 46029 | C6: Naga Army Day /Rajim Bhaktin Mata Jayanti | D6: Wednesday
A7: 6 | B7: 46031 | C7: Death Anniversary of (L) Maharaja Gambhir Singh | D7: Friday
A8: 7 | B8: 46032 | C8: World Hindi Day | D8: Saturday
A9: 8 | B9: 46033 | C9: Missionary Day | D9: Sunday
A10: 9 | B10: 46034 | C10: Birthday of Swami Vivekananda | D10: Monday
A11: 10 | B11: 46035 | C11: Lohri | D11: Tuesday | G11: Digi_Festival | I11: Digi_Festival | K11: Digi_Festival
A12: 11 | B12: 46036 | C12: Pongal / Makar Sankranti/Magh Bihu & Tusu Puja | D12: Wednesday | F12: Digi_Festival | M12: Digi_Festival | O12: Digi_Festival | P12: Digi_Festival | Q12: Digi_Festival | R12: Digi_Festival | Z12: Digi_Festival | AB12: Digi_Festival | AC12: Digi_Festival | AJ12: Digi_Festival
A13: 12 | B13: 46037 | C13: Uttarayana Punyakala, Makara Sankranti Festival/Pongal | D13: Thursday | AA13: Digi_Festival | AC13: Digi_Festival | AD13: Digi_Festival | AE13: Digi_Festival | AG13: Digi_Festival | AH13: Digi_Festival
A14: 13 | B14: 46038 | C14: Thiruvalluvar Day / Mattu Pongal / Kanuma (AP only) | D14: Friday | AC14: Digi_Festival | AE14: Digi_Festival | AF14: Digi_Festival | AG14: Digi_Festival
A15: 14 | B15: 46039 | C15: Uzhavar Thirunal | D15: Saturday
A16: 15 | B16: 46041 | C16: Sonam Lhosar / Sonam Lhochhar | D16: Monday
A17: 16 | B17: 46042 | C17: Shaheed Gaindsingh Shahadat Diwas | D17: Tuesday
A18: 17 | B18: 46045 | C18: Basanta Panchami / Netaji Subhas Chandra Bose’s Birthday | D18: Friday
A19: 18 | B19: 46046 | C19: Karpoori Thakur Jayanti | D19: Saturday
A20: 19 | B20: 46047 | C20: Deonarayan Jayanti | D20: Sunday
A21: 20 | B21: 46048 | C21: Republic Day | D21: Monday | E21: Digi_National | F21: Digi_National | G21: Digi_National | H21: Digi_National | I21: Digi_National | J21: Digi_National | K21: Digi_National | L21: Digi_National | M21: Digi_National | N21: Digi_National | O21: Digi_National | P21: Digi_National | Q21: Digi_National | R21: Digi_National | S21: Digi_National | T21: Digi_National | U21: Digi_National | V21: Digi_National | W21: Digi_National | X21: Digi_National | Y21: Digi_National | Z21: Digi_National | AA21: Digi_National | AB21: Digi_National | AC21: Digi_National | AD21: Digi_National | AE21: Digi_National | AF21: Digi_National | AG21: Digi_National | AH21: Digi_National | AI21: Digi_National | AJ21: Digi_National | AK21: Digi_National
A22: 21 | B22: 46049 | C22: Gwthar Bathou San (Assam-specific)/Sri Madvanavami | D22: Tuesday | V22: Digi_Festival
A23: 22 | B23: 46051 | C23: Guru Gobind Singh Jayanti /Saraswati Puja | D23: Thursday
A24: 23 | B24: 46053 | C24: Me-Dam-Me-Phi / Vishwakarma Jayanti | D24: Saturday
A25: 24 | B25: 46054 | C25: Sant Ravidas Jayanthi | D25: Sunday
A26: 25 | B26: 46056 | C26: Shab-e-Barat | D26: Tuesday
A27: 26 | B27: 46057 | C27: Shab-e-Barath | D27: Wednesday
A28: 27 | B28: 46065 | C28: Maharshi Dayanand Saraswati Jayanti | D28: Thursday
A29: 28 | B29: 46068 | C29: Mahasivarathri | D29: Sunday
A30: 29 | B30: 46069 | C30: Mahashivrathri / Mela Dosmoche | D30: Monday
A31: 30 | B31: 46071 | C31: Losar (Tibetan New Year) | D31: Wednesday | AA31: Digi_Festival
A32: 31 | B32: 46072 | C32: Guru Rinpoche Day (commonly given in Leh) / Chhatrapati Shivaji Maharaj Jayanti | D32: Thursday
A33: 32 | B33: 46073 | C33: State Day | D33: Friday | U33: Digi_National | Y33: Digi_Festival
A34: 33 | B34: 46079 | C34: Akhil Sikkim Khas Chettri Bahun Kalyan Sangh's Foundation Day | D34: Thursday | AA34: Digi_Festival
A35: 34 | B35: 46083 | C35: Holi ka dahan / Ramzan | D35: Monday | L35: Digi_Festival
A36: 35 | B36: 46084 | C36: Holi / Tangpe Chongya | D36: Tuesday | L36: Digi_Festival | Q36: Digi_Festival | T36: Digi_Festival | V36: Digi_Festival | W36: Digi_Festival | AA36: Digi_Festival | AC36: Digi_Festival | AH36: Digi_Festival | AI36: Digi_Festival
A37: 36 | B37: 46085 | C37: Holi | D37: Wednesday | E37: Digi_Festival | F37: Digi_Festival | G37: Digi_Festival | H37: Digi_Festival | I37: Digi_Festival | K37: Digi_Festival | M37: Digi_Festival | N37: Digi_Festival | O37: Digi_Festival | P37: Digi_Festival | R37: Digi_Festival | S37: Digi_Festival | U37: Digi_Festival | X37: Digi_Festival | Y37: Digi_Festival | Z37: Digi_Festival | AB37: Digi_Festival | AJ37: Digi_Festival | AK37: Digi_Festival
A38: 37 | B38: 46086 | C38: Bhai-Dooj (Holi) | D38: Thursday
A39: 38 | B39: 46091 | C39: Shahadat Hzt Ali (R.A.) | D39: Tuesday
A40: 39 | B40: 46092 | C40: Sahahdat-e- hazrat Ali | D40: Wednesday
A41: 40 | B41: 46094 | C41: Chapchar Kut | D41: Friday
A42: 41 | B42: 46098 | C42: Shab-i-Qadr | D42: Tuesday
A43: 42 | B43: 46100 | C43: Ugadi Festival / Telegu New Year /Gudi Padava / Chetichand | D43: Thursday | AC43: Digi_Festival | AD43: Digi_Festival | AE43: Digi_Festival | AG43: Digi_Festival | AH43: Digi_Festival | AI43: Digi_Festival | AK43: Digi_Festival
A44: 43 | B44: 46101 | C44: Id-ul-Fitr (Ramzan)* / Gudi Padwa / Ugadi (Telugu New Year)/Cheti Chand/ Jamat-ul-Vida | D44: Friday | I44: Digi_Festival | L44: Digi_Festival | O44: Digi_Festival
A45: 44 | B45: 46102 | C45: Id-ul-Fitr (Tentative) / Khutub-E-Ramzan | D45: Saturday | E45: Digi_Festival | Q45: Digi_Festival | R45: Digi_Festival | S45: Digi_Festival | T45: Digi_Festival | U45: Digi_Festival | V45: Digi_Festival | W45: Digi_Festival | X45: Digi_Festival | Y45: Digi_Festival | Z45: Digi_Festival | AA45: Digi_Festival | AB45: Digi_Festival
A46: 45 | B46: 46103 | C46: Eid ul Fitr (Eid) | D46: Sunday
A47: 46 | B47: 46104 | C47: Devara Daseemaiah Jayanthi / Guha Nishadraj Jayanti | D47: Monday
A48: 47 | B48: 46107 | C48: Ram Navami / Emperor Ashoka Ashtami | D48: Thursday | F48: Digi_Festival | G48: Digi_Festival | M48: Digi_Festival | N48: Digi_Festival | P48: Digi_Festival | Z48: Digi_Festival | AB48: Digi_Festival
A49: 48 | B49: 46108 | C49: Shree Ram Navami | D49: Friday
A50: 49 | B50: 46112 | C50: Mahavir Jayanti | D50: Tuesday
A51: 50 | B51: 46113 | C51: Annual Account Closing for Banks / Hatkeshwar Jayanti | D51: Wednesday
A52: 51 | B52: 46114 | C52: Maundy Thursday / Dharti Pooja (Khaddi Parv) | D52: Thursday
A53: 52 | B53: 46115 | C53: Good Friday | D53: Friday | E53: Digi_Festival | F53: Digi_Festival | G53: Digi_Festival | H53: Digi_Festival | I53: Digi_Festival | K53: Digi_Festival | L53: Digi_Festival | M53: Digi_Festival | N53: Digi_Festival | O53: Digi_Festival | P53: Digi_Festival | Q53: Digi_Festival | R53: Digi_Festival | S53: Digi_Festival | T53: Digi_Festival | U53: Digi_Festival | V53: Digi_Festival | W53: Digi_Festival | X53: Digi_Festival | Y53: Digi_Festival | Z53: Digi_Festival | AA53: Digi_Festival | AB53: Digi_Festival | AC53: Digi_Festival | AD53: Digi_Festival | AE53: Digi_Festival | AF53: Digi_Festival | AG53: Digi_Festival | AH53: Digi_Festival | AI53: Digi_Festival | AJ53: Digi_Festival | AK53: Digi_Festival
A54: 53 | B54: 46116 | C54: Holy Saturday | D54: Saturday
A55: 54 | B55: 46117 | C55: Easter | D55: Sunday
A56: 55 | B56: 46118 | C56: Easter Monday | D56: Monday
A57: 56 | B57: 46123 | C57: Mahatma Jyotiba Phule Jayanti | D57: Saturday
A58: 57 | B58: 46125 | C58: Shrimad Vallabhacharya Jayanti / Vaisakhi | D58: Monday | K58: Digi_Festival
A59: 58 | B59: 46126 | C59: Dr. B. R. Ambedkar Jayanthi / Tamil New Year / Maha Visuva Shankranti / Bohag Bihu (Assamese New Year) / Cheiraoba (Manipuri New Year)/Bengali New Year /Vaisakhi/ Pohela Boishakh | D59: Tuesday | H59: Digi_Festival | J59: Digi_Festival | L59: Digi_National | S59: Digi_Festival | V59: Digi_Festival | W59: Digi_Festival | AG59: Digi_Festival
A60: 59 | B60: 46127 | C60: Vishu / Himachal Day / Bohag Bihu/Bengali New Year | D60: Wednesday | H60: Digi_Festival | V60: Digi_Festival
A61: 60 | B61: 46128 | C61: Bohag Bihu - Day 3 | D61: Thursday
A62: 61 | B62: 46129 | C62: Chandrashekhar Jayanti | D62: Friday
A63: 62 | B63: 46130 | C63: Tithi of Damodar Deva | D63: Saturday
A64: 63 | B64: 46131 | C64: Parshuram Jayanti | D64: Sunday
A65: 64 | B65: 46132 | C65: Basava Jayanthi, Akshaya Tritiya / Parshuram Jayanti | D65: Monday
A66: 65 | B66: 46133 | C66: Sri Shankarayacharya Jayanthi | D66: Tuesday
A67: 66 | B67: 46134 | C67: Shankaracharya Jayanti | D67: Wednesday
A68: 67 | B68: 46135 | C68: Veer Kunwar Singh Jayanthi | D68: Thursday
A69: 68 | B69: 46137 | C69: Janaki Navami | D69: Saturday
A70: 69 | B70: 46139 | C70: Ram Navami | D70: Monday
A71: 70 | B71: 46143 | C71: Buddha Purnima/May day / Maharashtra Day | D71: Friday | E71: Digi_Festival | F71: Digi_Festival | G71: Digi_Festival | H71: Digi_Festival | I71: Digi_Festival | J71: Digi_Festival | K71: Digi_Festival | M71: Digi_National | N71: Digi_Festival | O71: Digi_Festival | P71: Digi_Festival | Q71: Digi_Festival | R71: Digi_Festival | S71: Digi_National | T71: Digi_Festival | U71: Digi_National | V71: Digi_National | W71: Digi_Festival | X71: Digi_National | Y71: Digi_Festival | Z71: Digi_Festival | AB71: Digi_Festival | AC71: Digi_National | AD71: Digi_National | AE71: Digi_National | AF71: Digi_National | AG71: Digi_National | AH71: Digi_National | AI71: Digi_National | AJ71: Digi_Festival | AK71: Digi_National
A72: 71 | B72: 46149 | C72: BuddhaPurnima | D72: Thursday
A73: 72 | B73: 46150 | C73: Birthday of Rabindranath Tagore | D73: Friday
A74: 73 | B74: 46151 | C74: Birthday of Rabindranath Tagore | D74: Saturday
A75: 74 | B75: 46158 | C75: Sikkim State Day | D75: Saturday
A76: 75 | B76: 46164 | C76: Shavuoth | D76: Friday | AJ76: Digi_Festival
A77: 76 | B77: 46169 | C77: Bakrid / Id-ul-Zuha / Saga Dawa (Buddhist festival) | D77: Wednesday | E77: Digi_Festival | F77: Digi_Festival | G77: Digi_Festival | H77: Digi_Festival | I77: Digi_Festival | J77: Digi_Festival | K77: Digi_Festival | M77: Digi_Festival | P77: Digi_Festival | U77: Digi_Festival | AF77: Digi_Festival | AH77: Digi_Festival
A78: 77 | B78: 46170 | C78: Bakrid | D78: Thursday | L78: Digi_Festival | AD78: Digi_Festival | AE78: Digi_Festival | AG78: Digi_Festival | AI78: Digi_Festival
A79: 78 | B79: 46174 | C79: Janmotsav of Sri Sri Madhabdeva | D79: Monday
A80: 79 | B80: 46176 | C80: Eid-e-Gadeer | D80: Wednesday
A81: 80 | B81: 46177 | C81: Saga Dawa | D81: Thursday | J81: Digi_Festival
A82: 81 | B82: 46188 | C82: Raja Sankranti / YMA Day | D82: Monday
A83: 82 | B83: 46189 | C83: Moharram (1447 Hijhri) | D83: Tuesday
A84: 83 | B84: 46190 | C84: Chhatrasal Jayanti / Maharana Pratap Jayanti | D84: Wednesday
A85: 84 | B85: 46191 | C85: Anugrah Narayan Sinha Jayanti | D85: Thursday
A86: 85 | B86: 46195 | C86: Rev. Thomas Jones Day | D86: Monday
A87: 86 | B87: 46196 | C87: Mahesh Navami (Jyeshtha Shukla-9) | D87: Tuesday
A88: 87 | B88: 46197 | C88: Kharchi Puja (major Tripura festival) / Veerangana Durgavati Sacrifice Day | D88: Wednesday
A89: 88 | B89: 46198 | C89: Muharram | D89: Thursday
A90: 89 | B90: 46199 | C90: Muharram | D90: Friday | E90: Digi_Festival | J90: Digi_Festival | L90: Digi_Festival | O90: Digi_Festival | Q90: Digi_Festival | T90: Digi_Festival | AD90: Digi_Festival | AE90: Digi_Festival | AF90: Digi_Festival | AJ90: Digi_Festival | AK90: Digi_Festival
A91: 90 | B91: 46200 | C91: Muharram | D91: Saturday
A92: 91 | B92: 46202 | C92: Sant Guru Kabir Jayanti | D92: Monday
A93: 92 | B93: 46203 | C93: Remna Ni | D93: Tuesday
A94: 93 | B94: 46204 | C94: Guru Hargobind Ji’s Birthday | D94: Wednesday
A95: 94 | B95: 46208 | C95: Guru Hargobind Ji’s Birthday | D95: Sunday
A96: 95 | B96: 46209 | C96: MHIP Day | D96: Monday
A97: 96 | B97: 46212 | C97: Beh Deinkhlam | D97: Thursday
A98: 97 | B98: 46216 | C98: Gatha Gahambae / Martyrs Day | D98: Monday | J98: Digi_National
A99: 98 | B99: 46218 | C99: Parsi New Year | D99: Wednesday
A100: 99 | B100: 46219 | C100: Rath Yatra | D100: Thursday | S100: Digi_Festival | W100: Digi_Festival
...

Sheet A Grades - 11 days
A1: Sl.no. | B1: Date | C1: Festival | D1: Day | E1: Delhi | F1: Chandigarh | G1: Haryana | H1: Himachal Pradesh | I1: Jammu & Kashmir | J1: Ladakh | K1: Punjab | L1: Rajasthan | M1: Uttarakhand | N1: Uttar Pradesh | O1: Chhattisgarh | P1: Madhya Pradesh | Q1: Bihar | R1: Jharkhand | S1: Odisha | T1: West Bengal | U1: Arunachal Pradesh | V1: Assam | W1: Manipur | X1: Meghalaya | Y1: Mizoram | Z1: Nagaland | AA1: Sikkim | AB1: Tripura | AC1: Andhra Pradesh | AD1: Karnataka | AE1: Kerala | AF1: Puducherry | AG1: Tamil Nadu | AH1: Telangana | AI1: Goa | AJ1: Gujarat | AK1: Maharashtra | XDX1: Yes
A2: 1 | B2: 46023 | C2: New Year’s Day | D2: Thursday | G2: Digi_Festival | I2: Digi_Festival | K2: Digi_Festival | M2: Digi_Festival | N2: Digi_Festival | P2: Digi_Festival | U2: Digi_Festival | Z2: Digi_Festival | AD2: Digi_Festival | AG2: Digi_Festival | AH2: Digi_Festival | AI2: Digi_Festival | AK2: Digi_Festival
A3: 2 | B3: 46024 | C3: Mannam Jayanthi | D3: Friday
A4: 3 | B4: 46025 | C4: Maa Shakambhari Jayanti & Cherchera / Birthday of Hazarat Ali / Savitribai Phule Jayanti | D4: Saturday
A5: 4 | B5: 46027 | C5: Guru Gobind Singh Jayanti / Losar (Tibetan New Year) | D5: Tuesday
A6: 5 | B6: 46029 | C6: Naga Army Day /Rajim Bhaktin Mata Jayanti | D6: Wednesday
A7: 6 | B7: 46031 | C7: Death Anniversary of (L) Maharaja Gambhir Singh | D7: Friday
A8: 7 | B8: 46032 | C8: World Hindi Day | D8: Saturday
A9: 8 | B9: 46033 | C9: Missionary Day | D9: Sunday
A10: 9 | B10: 46034 | C10: Birthday of Swami Vivekananda | D10: Monday
A11: 10 | B11: 46035 | C11: Lohri | D11: Tuesday | G11: Digi_Festival
A12: 11 | B12: 46036 | C12: Pongal / Makar Sankranti/Magh Bihu & Tusu Puja | D12: Wednesday | F12: =VLOOKUP(C12,'All ecxept A grades - 13 days'!C11:F205,4,0) -> Digi_Festival | O12: Digi_Festival | Q12: Digi_Festival | R12: Digi_Festival | Z12: Digi_Festival | AB12: Digi_Festival | AJ12: Digi_Festival
A13: 12 | B13: 46037 | C13: Uttarayana Punyakala, Makara Sankranti Festival/Pongal | D13: Thursday | AA13: Digi_Festival | AC13: =VLOOKUP(B12,'All ecxept A grades - 13 days'!B11:AC205,28,0) -> Digi_Festival | AD13: Digi_Festival | AE13: Digi_Festival | AG13: Digi_Festival | AH13: Digi_Festival
A14: 13 | B14: 46038 | C14: Thiruvalluvar Day / Mattu Pongal / Kanuma (AP only) | D14: Friday | AE14: Digi_Festival | AF14: Digi_Festival | AG14: Digi_Festival
A15: 14 | B15: 46039 | C15: Uzhavar Thirunal | D15: Saturday
A16: 15 | B16: 46041 | C16: Sonam Lhosar / Sonam Lhochhar | D16: Monday
A17: 16 | B17: 46042 | C17: Shaheed Gaindsingh Shahadat Diwas | D17: Tuesday
A18: 17 | B18: 46045 | C18: Basanta Panchami / Netaji Subhas Chandra Bose’s Birthday | D18: Friday
A19: 18 | B19: 46046 | C19: Karpoori Thakur Jayanti | D19: Saturday
A20: 19 | B20: 46047 | C20: Deonarayan Jayanti | D20: Sunday
A21: 20 | B21: 46048 | C21: Republic Day | D21: Monday | E21: =VLOOKUP(B21,'All ecxept A grades - 13 days'!B20:E214,4,0) -> Digi_National | F21: =VLOOKUP(C21,'All ecxept A grades - 13 days'!C20:F214,4,0) -> Digi_National | G21: Digi_National | H21: Digi_National | I21: Digi_National | J21: Digi_National | K21: Digi_National | L21: Digi_National | M21: Digi_National | N21: Digi_National | O21: Digi_National | P21: Digi_National | Q21: Digi_National | R21: Digi_National | S21: Digi_National | T21: Digi_National | U21: Digi_National | V21: Digi_National | W21: Digi_National | X21: Digi_National | Y21: Digi_National | Z21: Digi_National | AA21: Digi_National | AB21: Digi_National | AC21: =VLOOKUP(B21,'All ecxept A grades - 13 days'!B20:AC214,28,0) -> Digi_National | AD21: Digi_National | AE21: Digi_National | AF21: Digi_National | AG21: Digi_National | AH21: =VLOOKUP(B21,'All ecxept A grades - 13 days'!B20:AH214,33,0) -> Digi_National | AI21: Digi_National | AJ21: Digi_National | AK21: Digi_National
A22: 21 | B22: 46049 | C22: Gwthar Bathou San (Assam-specific)/Sri Madvanavami | D22: Tuesday
A23: 22 | B23: 46051 | C23: Guru Gobind Singh Jayanti /Saraswati Puja | D23: Thursday
A24: 23 | B24: 46053 | C24: Me-Dam-Me-Phi / Vishwakarma Jayanti | D24: Saturday
A25: 24 | B25: 46054 | C25: Sant Ravidas Jayanthi Basant Panchami | D25: Sunday
A26: 25 | B26: 46056 | C26: Shab-e-Barat | D26: Tuesday
A27: 26 | B27: 46057 | C27: Shab-e-Barath | D27: Wednesday
A28: 27 | B28: 46065 | C28: Maharshi Dayanand Saraswati Jayanti | D28: Thursday
A29: 28 | B29: 46068 | C29: Mahasivarathri | D29: Sunday
A30: 29 | B30: 46069 | C30: Mahashivrathri / Mela Dosmoche | D30: Monday
A31: 30 | B31: 46071 | C31: Losar (Tibetan New Year) | D31: Wednesday | AA31: Digi_Festival
A32: 31 | B32: 46072 | C32: Guru Rinpoche Day (commonly given in Leh) / Chhatrapati Shivaji Maharaj Jayanti | D32: Thursday
A33: 32 | B33: 46073 | C33: State Day | D33: Friday | U33: Digi_National | Y33: Digi_Festival
A34: 33 | B34: 46079 | C34: Akhil Sikkim Khas Chettri Bahun Kalyan Sangh's Foundation Day | D34: Thursday
A35: 34 | B35: 46083 | C35: Holi ka dahan / Ramzan | D35: Monday
A36: 35 | B36: 46084 | C36: Holi / Tangpe Chongya | D36: Tuesday | L36: Digi_Festival | Q36: Digi_Festival | T36: Digi_Festival | V36: Digi_Festival | W36: Digi_Festival | AA36: Digi_Festival | AC36: =VLOOKUP(B36,'All ecxept A grades - 13 days'!B35:AC229,28,0) -> Digi_Festival
A37: 36 | B37: 46085 | C37: Holi | D37: Wednesday | E37: =VLOOKUP(B37,'All ecxept A grades - 13 days'!B36:E230,4,0) -> Digi_Festival | F37: =VLOOKUP(C37,'All ecxept A grades - 13 days'!C36:F230,4,0) -> Digi_Festival | G37: Digi_Festival | H37: Digi_Festival | I37: Digi_Festival | K37: Digi_Festival | M37: Digi_Festival | N37: Digi_Festival | O37: Digi_Festival | P37: Digi_Festival | R37: Digi_Festival | S37: Digi_Festival | U37: Digi_Festival | X37: Digi_Festival | Y37: Digi_Festival | Z37: Digi_Festival | AB37: Digi_Festival | AJ37: Digi_Festival | AK37: Digi_Festival
A38: 37 | B38: 46086 | C38: Bhai-Dooj (Holi) | D38: Thursday
A39: 38 | B39: 46091 | C39: Shahadat Hzt Ali (R.A.) | D39: Tuesday
A40: 39 | B40: 46092 | C40: Sahahdat-e- hazrat Ali | D40: Wednesday
A41: 40 | B41: 46094 | C41: Chapchar Kut | D41: Friday
A42: 41 | B42: 46098 | C42: Shab-i-Qadr | D42: Tuesday
A43: 42 | B43: 46100 | C43: Ugadi Festival / Telegu New Year /Gudi Padava / Chetichand | D43: Thursday | AC43: =VLOOKUP(B43,'All ecxept A grades - 13 days'!B42:AC235,28,0) -> Digi_Festival | AD43: Digi_Festival | AE43: Digi_Festival | AH43: =VLOOKUP(B43,'All ecxept A grades - 13 days'!B42:AH236,33,0) -> Digi_Festival | AI43: Digi_Festival
A44: 43 | B44: 46101 | C44: Id-ul-Fitr (Ramzan)* / Gudi Padwa / Ugadi (Telugu New Year)/Cheti Chand/ Jamat-ul-Vida | D44: Friday | I44: Digi_Festival
A45: 44 | B45: 46102 | C45: Id-ul-Fitr (Tentative) / Khutub-E-Ramzan | D45: Saturday | E45: =VLOOKUP(B45,'All ecxept A grades - 13 days'!B44:E237,4,0) -> Digi_Festival | Q45: Digi_Festival | R45: Digi_Festival | S45: Digi_Festival | T45: Digi_Festival | U45: Digi_Festival | V45: Digi_Festival | W45: Digi_Festival | X45: Digi_Festival | Y45: Digi_Festival | Z45: Digi_Festival | AA45: Digi_Festival | AB45: Digi_Festival | AH45: Digi_Festival
A46: 45 | B46: 46103 | C46: Eid ul Fitr (Eid) | D46: Sunday
A47: 46 | B47: 46104 | C47: Devara Daseemaiah Jayanthi / Guha Nishadraj Jayanti | D47: Monday
A48: 47 | B48: 46107 | C48: Ram Navami / Emperor Ashoka Ashtami | D48: Thursday
A49: 48 | B49: 46108 | C49: Shree Ram Navami | D49: Friday
A50: 49 | B50: 46112 | C50: Mahavir Jayanti | D50: Tuesday
A51: 50 | B51: 46113 | C51: Annual Account Closing for Banks / Hatkeshwar Jayanti | D51: Wednesday
A52: 51 | B52: 46114 | C52: Maundy Thursday / Dharti Pooja (Khaddi Parv) | D52: Thursday
A53: 52 | B53: 46115 | C53: Good Friday | D53: Friday | E53: =VLOOKUP(B53,'All ecxept A grades - 13 days'!B52:E245,4,0) -> Digi_Festival | F53: =VLOOKUP(C53,'All ecxept A grades - 13 days'!C52:F246,4,0) -> Digi_Festival | G53: Digi_Festival | H53: Digi_Festival | I53: Digi_Festival | K53: Digi_Festival | L53: Digi_Festival | M53: Digi_Festival | N53: Digi_Festival | O53: Digi_Festival | P53: Digi_Festival | Q53: Digi_Festival | R53: Digi_Festival | S53: Digi_Festival | T53: Digi_Festival | U53: Digi_Festival | V53: Digi_Festival | W53: Digi_Festival | X53: Digi_Festival | Y53: Digi_Festival | Z53: Digi_Festival | AA53: Digi_Festival | AB53: Digi_Festival | AC53: =VLOOKUP(B53,'All ecxept A grades - 13 days'!B52:AC245,28,0) -> Digi_Festival | AD53: Digi_Festival | AE53: Digi_Festival | AF53: Digi_Festival | AG53: Digi_Festival | AH53: =VLOOKUP(B53,'All ecxept A grades - 13 days'!B52:AH246,33,0) -> Digi_Festival | AI53: Digi_Festival | AJ53: Digi_Festival | AK53: Digi_Festival
A54: 53 | B54: 46116 | C54: Holy Saturday | D54: Saturday
A55: 54 | B55: 46117 | C55: Easter | D55: Sunday
A56: 55 | B56: 46118 | C56: Easter Monday | D56: Monday
A57: 56 | B57: 46123 | C57: Mahatma Jyotiba Phule Jayanti | D57: Saturday
A58: 57 | B58: 46125 | C58: Shrimad Vallabhacharya Jayanti / Vaisakhi | D58: Monday | K58: Digi_Festival
A59: 58 | B59: 46126 | C59: Dr. B. R. Ambedkar Jayanthi / Tamil New Year / Maha Visuva Shankranti / Bohag Bihu (Assamese New Year) / Cheiraoba (Manipuri New Year)/Bengali New Year /Vaisakhi/ Pohela Boishakh | D59: Tuesday | J59: Digi_Festival | L59: Digi_National | V59: Digi_Festival | W59: Digi_Festival | AG59: Digi_Festival
A60: 59 | B60: 46127 | C60: Vishu / Himachal Day / Bohag Bihu/Bengali New Year | D60: Wednesday | H60: Digi_Festival
A61: 60 | B61: 46128 | C61: Bohag Bihu - Day 3 | D61: Thursday
A62: 61 | B62: 46129 | C62: Chandrashekhar Jayanti | D62: Friday
A63: 62 | B63: 46130 | C63: Tithi of Damodar Deva | D63: Saturday
A64: 63 | B64: 46131 | C64: Parshuram Jayanti | D64: Sunday
A65: 64 | B65: 46132 | C65: Basava Jayanthi, Akshaya Tritiya / Parshuram Jayanti | D65: Monday
A66: 65 | B66: 46133 | C66: Sri Shankarayacharya Jayanthi | D66: Tuesday
A67: 66 | B67: 46134 | C67: Shankaracharya Jayanti | D67: Wednesday
A68: 67 | B68: 46135 | C68: Veer Kunwar Singh Jayanthi | D68: Thursday
A69: 68 | B69: 46137 | C69: Janaki Navami | D69: Saturday
A70: 69 | B70: 46139 | C70: Ram Navami | D70: Monday
A71: 70 | B71: 46143 | C71: Buddha Purnima/May day / Maharashtra Day | D71: Friday | F71: =VLOOKUP(C71,'All ecxept A grades - 13 days'!C70:F264,4,0) -> Digi_Festival | G71: Digi_Festival | H71: Digi_Festival | J71: Digi_Festival | M71: Digi_National | N71: Digi_Festival | P71: Digi_Festival | S71: Digi_National | V71: Digi_National | X71: Digi_National | Y71: Digi_Festival | Z71: Digi_Festival | AB71: Digi_Festival | AC71: =VLOOKUP(B71,'All ecxept A grades - 13 days'!B70:AC263,28,0) -> Digi_National | AD71: Digi_National | AE71: Digi_National | AF71: Digi_National | AG71: Digi_National | AI71: Digi_National | AJ71: Digi_Festival | AK71: Digi_National
A72: 71 | B72: 46149 | C72: BuddhaPurnima | D72: Thursday
A73: 72 | B73: 46150 | C73: Birthday of Rabindranath Tagore | D73: Friday
A74: 73 | B74: 46151 | C74: Birthday of Rabindranath Tagore | D74: Saturday
A75: 74 | B75: 46158 | C75: Sikkim State Day | D75: Saturday
A76: 75 | B76: 46164 | C76: Shavuoth | D76: Friday
A77: 76 | B77: 46169 | C77: Bakrid / Id-ul-Zuha / Saga Dawa (Buddhist festival) | D77: Wednesday | E77: =VLOOKUP(B77,'All ecxept A grades - 13 days'!B76:E269,4,0) -> Digi_Festival | F77: =VLOOKUP(C77,'All ecxept A grades - 13 days'!C76:F270,4,0) -> Digi_Festival | H77: Digi_Festival | I77: Digi_Festival | J77: Digi_Festival | K77: Digi_Festival | M77: Digi_Festival | P77: Digi_Festival | U77: Digi_Festival | AF77: Digi_Festival
A78: 77 | B78: 46170 | C78: Bakrid | D78: Thursday | L78: Digi_Festival | AE78: Digi_Festival | AI78: Digi_Festival
A79: 78 | B79: 46174 | C79: Janmotsav of Sri Sri Madhabdeva | D79: Monday
A80: 79 | B80: 46176 | C80: Eid-e-Gadeer | D80: Wednesday
A81: 80 | B81: 46177 | C81: Saga Dawa | D81: Thursday | J81: Digi_Festival
A82: 81 | B82: 46188 | C82: Raja Sankranti / YMA Day | D82: Monday
A83: 82 | B83: 46189 | C83: Moharram (1447 Hijhri) | D83: Tuesday
A84: 83 | B84: 46190 | C84: Chhatrasal Jayanti / Maharana Pratap Jayanti | D84: Wednesday
A85: 84 | B85: 46191 | C85: Anugrah Narayan Sinha Jayanti | D85: Thursday
A86: 85 | B86: 46195 | C86: Rev. Thomas Jones Day | D86: Monday
A87: 86 | B87: 46196 | C87: Mahesh Navami (Jyeshtha Shukla-9) | D87: Tuesday
A88: 87 | B88: 46197 | C88: Kharchi Puja (major Tripura festival) / Veerangana Durgavati Sacrifice Day | D88: Wednesday
A89: 88 | B89: 46198 | C89: Muharram | D89: Thursday
A90: 89 | B90: 46199 | C90: Muharram | D90: Friday | E90: =VLOOKUP(B90,'All ecxept A grades - 13 days'!B89:E280,4,0) -> Digi_Festival | O90: Digi_Festival | Q90: Digi_Festival | T90: Digi_Festival | AE90: Digi_Festival | AF90: Digi_Festival | AJ90: Digi_Festival | AK90: Digi_Festival
A91: 90 | B91: 46200 | C91: Muharram | D91: Saturday
A92: 91 | B92: 46202 | C92: Sant Guru Kabir Jayanti | D92: Monday
A93: 92 | B93: 46203 | C93: Remna Ni | D93: Tuesday
A94: 93 | B94: 46204 | C94: Guru Hargobind Ji’s Birthday | D94: Wednesday
A95: 94 | B95: 46208 | C95: Guru Hargobind Ji’s Birthday | D95: Sunday
A96: 95 | B96: 46209 | C96: MHIP Day | D96: Monday
A97: 96 | B97: 46212 | C97: Beh Deinkhlam | D97: Thursday
A98: 97 | B98: 46216 | C98: Gatha Gahambae / Martyrs Day | D98: Monday | J98: Digi_National
A99: 98 | B99: 46218 | C99: Parsi New Year | D99: Wednesday
A100: 99 | B100: 46219 | C100: Rath Yatra | D100: Thursday | S100: Digi_Festival
...

Sheet For Senior grades- 13 days (2)
A1: Sl.no. | B1: Date | C1: Festival | D1: Day | E1: Delhi | F1: Chandigarh | G1: Haryana | H1: Himachal Pradesh | I1: Jammu & Kashmir | J1: Ladakh | K1: Punjab | L1: Rajasthan | M1: Uttarakhand | N1: Uttar Pradesh | O1: Chhattisgarh | P1: Madhya Pradesh | Q1: Bihar | R1: Jharkhand | S1: Odisha | T1: West Bengal | U1: Arunachal Pradesh | V1: Assam | W1: Manipur | X1: Meghalaya | Y1: Mizoram | Z1: Nagaland | AA1: Sikkim | AB1: Tripura | AC1: Andhra Pradesh | AD1: Karnataka | AE1: Kerala | AF1: Puducherry | AG1: Tamil Nadu | AH1: Telangana | AI1: Goa | AJ1: Gujarat | AK1: Maharashtra | XDX1: Yes
A2: 1 | B2: 46023 | C2: New Year’s Day | D2: Thursday | H2: Optional | N2: Regional | O2: Regional | Q2: Optional | T2: Regional | W2: Regional | X2: Optional | Y2: Optional | AA2: Optional | AD2: Regional | AE2: Optional | AF2: Regional | AG2: Optional | AI2: Optional | AJ2: =VLOOKUP(B2,'For A grades - 11 days'!B1:AJ187,35,0) -> Optional
A3: 2 | B3: 46024 | C3: Mannam Jayanthi | D3: Friday | Y3: Regional
A4: 3 | B4: 46025 | C4: Maa Shakambhari Jayanti & Cherchera / Birthday of Hazarat Ali / Savitribai Phule Jayanti | D4: Saturday | J4: Optional-WE | N4: Regional-WE | O4: Regional-WE
A5: 4 | B5: 46027 | C5: Guru Gobind Singh Jayanti / Losar (Tibetan New Year) | D5: Tuesday | J5: Optional | N5: Regional
A6: 5 | B6: 46029 | C6: Naga Army Day /Rajim Bhaktin Mata Jayanti | D6: Wednesday | O6: Regional
B7: 46031 | C7: Death Anniversary of (L) Maharaja Gambhir Singh | D7: Friday | W7: Regional
A8: 6 | B8: 46032 | C8: World Hindi Day | D8: Saturday | O8: Regional-WE
A9: 7 | B9: 46033 | C9: Missionary Day | D9: Sunday | Y9: Optional-WE
A10: 8 | B10: 46034 | C10: Birthday of Swami Vivekananda | D10: Monday | T10: Regional
A11: 9 | B11: 46035 | C11: Lohri | D11: Tuesday | J11: Optional
A12: 10 | B12: 46036 | C12: Pongal / Makar Sankranti/Magh Bihu & Tusu Puja | D12: Wednesday | H12: Optional | N12: Regional | O12: Regional | Q12: Regional | S12: Regional | V12: Regional | AJ12: =VLOOKUP(B12,'For A grades - 11 days'!B11:AJ200,35,0) -> Regional
A13: 11 | B13: 46037 | C13: Uttarayana Punyakala, Makara Sankranti Festival/Pongal | D13: Thursday | V13: Regional | AA13: Regional | AD13: Regional | AE13: Regional | AF13: Regional | AG13: Regional | AJ13: =VLOOKUP(B13,'For A grades - 11 days'!B12:AJ201,35,0) -> Optional
A14: 12 | B14: 46038 | C14: Thiruvalluvar Day / Mattu Pongal / Kanuma (AP only) | D14: Friday | AE14: Regional | AF14: Regional | AG14: Regional
A15: 13 | B15: 46039 | C15: Uzhavar Thirunal | D15: Saturday | J15: Optional-WE | AE15: Regional-WE | AG15: Regional-WE
A16: 14 | B16: 46041 | C16: Sonam Lhosar / Sonam Lhochhar | D16: Monday | AA16: Optional
A17: 15 | B17: 46042 | C17: Shaheed Gaindsingh Shahadat Diwas | D17: Tuesday | O17: Regional
A18: 16 | B18: 46045 | C18: Basanta Panchami / Netaji Subhas Chandra Bose’s Birthday | D18: Friday | H18: Optional | N18: Regional | O18: Regional | Q18: Regional | S18: Regional | T18: Regional | V18: Regional
A19: 17 | B19: 46046 | C19: Karpoori Thakur Jayanti | D19: Saturday | N19: Regional-WE | Q19: Regional-WE
A20: 18 | B20: 46047 | C20: Deonarayan Jayanti / Statehood Day | D20: Sunday | H20: Regional-WE | L20: Regional-WE
A21: 19 | B21: 46048 | C21: Republic Day | D21: Monday | H21: National | J21: National | L21: National | N21: National | O21: National | Q21: National | S21: National | T21: National | V21: National | W21: National | X21: National | Y21: National | AA21: National | AD21: National | AE21: National | AF21: National | AG21: National | AI21: National | AJ21: =VLOOKUP(B21,'For A grades - 11 days'!B20:AJ209,35,0) -> National
A22: 20 | B22: 46049 | C22: Gwthar Bathou San (Assam-specific)/Sri Madvanavami | D22: Tuesday | V22: Regional | AD22: Regional
A23: 21 | B23: 46051 | C23: Guru Gobind Singh Jayanti /Saraswati Puja | D23: Thursday
A24: 22 | B24: 46053 | C24: Me-Dam-Me-Phi | D24: Saturday | V24: Regional-WE | AJ24: =VLOOKUP(B24,'For A grades - 11 days'!B23:AJ212,35,0) -> Optional-WE
A25: 23 | B25: 46054 | C25: Sant Ravidas Jayanthi | D25: Sunday | H25: Regional-WE | N25: Regional-WE | Q25: Regional-WE | V25: Regional-WE | AE25: Regional-WE | AG25: Regional-WE
A26: 24 | B26: 46056 | C26: Shab-e-Barat | D26: Tuesday | O26: Regional
A27: 25 | B27: 46057 | C27: Shab-e-Barath | D27: Wednesday | N27: Regional | Q27: Regional | AD27: Regional | AJ27: =VLOOKUP(B27,'For A grades - 11 days'!B26:AJ215,35,0) -> Optional
A28: 26 | B28: 46065 | C28: Maharshi Dayanand Saraswati Jayanti | D28: Thursday | H28: Optional | O28: Regional
A29: 27 | B29: 46068 | C29: Mahasivarathri | D29: Sunday | H29: Regional-WE | J29: Optional-WE | L29: Regional-WE | N29: Regional-WE | S29: Regional-WE | T29: Regional-WE | W29: Regional-WE | AI29: Regional-WE | AJ29: =VLOOKUP(B29,'For A grades - 11 days'!B28:AJ217,35,0) -> Regional-WE
A30: 28 | B30: 46069 | C30: Mahashivrathri / Mela Dosmoche | D30: Monday | J30: Optional | Q30: Regional
A31: 29 | B31: 46071 | C31: Losar (Tibetan New Year) | D31: Wednesday | AA31: Regional
A32: 30 | B32: 46072 | C32: Guru Rinpoche Day (commonly given in Leh) / Chhatrapati Shivaji Maharaj Jayanti | D32: Thursday | O32: Regional
A33: 31 | B33: 46073 | C33: State Day | D33: Friday | Y33: Regional
A34: 32 | B34: 46079 | C34: Akhil Sikkim Khas Chettri Bahun Kalyan Sangh's Foundation Day | D34: Thursday | AA34: Regional
A35: 33 | B35: 46083 | C35: Holi ka dahan / Ramzan | D35: Monday | L35: Regional | N35: Regional | Q35: Regional | AD35: Regional
A36: 34 | B36: 46084 | C36: Holi / Tangpe Chongya | D36: Tuesday | J36: Optional | L36: Regional | O36: Regional | Q36: Regional | T36: Regional | V36: Regional | W36: Regional | AA36: Regional | AI36: Regional | AJ36: =VLOOKUP(B36,'For A grades - 11 days'!B35:AJ224,35,0) -> Optional
A37: 35 | B37: 46085 | C37: Holi | D37: Wednesday | H37: Regional | J37: Regional | N37: Regional | O37: Regional | S37: Regional | W37: Regional | X37: Regional | Y37: Regional | AJ37: =VLOOKUP(B37,'For A grades - 11 days'!B36:AJ225,35,0) -> Regional
A38: 36 | B38: 46086 | C38: Bhai-Dooj (Holi) | D38: Thursday | N38: Regional | O38: Regional
A39: 37 | B39: 46092 | C39: Sahahdat-e- hazrat Ali | D39: Wednesday | AJ39: =VLOOKUP(B39,'For A grades - 11 days'!B38:AJ227,35,0) -> Optional
A40: 38 | B40: 46094 | C40: Chapchar Kut | D40: Friday | J40: Optional | N40: Regional | Y40: Regional
A41: 39 | B41: 46098 | C41: Shab-i-Qadr | D41: Tuesday | AD41: Regional
A42: 40 | B42: 46100 | C42: Ugadi Festival / Telegu New Year /Gudi Padava | D42: Thursday | J42: Optional | N42: Regional | O42: Regional | W42: Regional | AD42: Regional | AE42: Regional | AG42: Regional | AI42: Regional | AJ42: =VLOOKUP(B42,'For A grades - 11 days'!B40:AJ229,35,0) -> Regional
A43: 41 | B43: 46101 | C43: Id-ul-Fitr (Ramzan)* / Gudi Padwa / Ugadi (Telugu New Year)/Cheti Chand/ Jamat-ul-Vida | D43: Friday | J43: Optional | L43: Regional | O43: Regional | AA43: Regional | AD43: Regional | AF43: Regional
A44: 42 | B44: 46102 | C44: Id-ul-Fitr (Tentative) / Khutub-E-Ramzan | D44: Saturday | H44: Regional-WE | J44: Regional-WE | L44: Regional-WE | N44: Regional-WE | O44: Regional-WE | Q44: Regional-WE | S44: Regional-WE | T44: Regional-WE | V44: Regional-WE | W44: Regional-WE | X44: National -WE | Y44: Regional-WE | AD44: Regional-WE | AE44: Regional-WE | AG44: Regional-WE | AI44: Regional-WE | AJ44: =VLOOKUP(B44,'For A grades - 11 days'!B42:AJ231,35,0) -> Regional-WE
A45: 43 | B45: 46103 | C45: Eid ul Fitr (Eid) | D45: Sunday | N45: Regional-WE | Q45: Regional-WE
A46: 44 | B46: 46104 | C46: Devara Daseemaiah Jayanthi / Guha Nishadraj Jayanti | D46: Monday | O46: Regional | AD46: Regional
A47: 45 | B47: 46107 | C47: Ram Navami / Emperor Ashoka Ashtami | D47: Thursday | H47: Regional | J47: Optional | L47: Regional | N47: Regional | O47: Regional | Q47: Regional | T47: Regional | Y47: Regional | AI47: Regional | AJ47: =VLOOKUP(B47,'For A grades - 11 days'!B45:AJ234,35,0) -> Regional
A48: 46 | B48: 46108 | C48: Shree Ram Navami | D48: Friday | S48: Regional | AD48: Regional
A49: 47 | B49: 46112 | C49: Mahavir Jayanti | D49: Tuesday | H49: Optional | L49: Regional | N49: Regional | O49: Regional | T49: Regional | Y49: Regional | AD49: Regional | AE49: Regional | AG49: Regional | AJ49: =VLOOKUP(B49,'For A grades - 11 days'!B47:AJ236,35,0) -> Regional
A50: 48 | B50: 46113 | C50: Annual Account Closing for Banks / Hatkeshwar Jayanti | D50: Wednesday | N50: Regional | O50: Regional | S50: Regional | AE50: Regional | AG50: Regional | AI50: Optional | AJ50: =VLOOKUP(B50,'For A grades - 11 days'!B48:AJ237,35,0) -> Optional
A51: 49 | B51: 46114 | C51: Maundy Thursday / Dharti Pooja (Khaddi Parv) | D51: Thursday | O51: Regional | AJ51: =VLOOKUP(B51,'For A grades - 11 days'!B49:AJ238,35,0) -> Optional
A52: 50 | B52: 46115 | C52: Good Friday | D52: Friday | H52: Regional | J52: Optional | L52: Regional | N52: Regional | O52: Regional | Q52: Regional | S52: Regional | T52: Regional | V52: Regional | W52: Regional | X52: Regional | Y52: Regional | AA52: Regional | AD52: Regional | AE52: Regional | AF52: Regional | AG52: Regional | AI52: Regional | AJ52: =VLOOKUP(B52,'For A grades - 11 days'!B50:AJ239,35,0) -> Regional
A53: 51 | B53: 46116 | C53: Holy Saturday | D53: Saturday | N53: Regional-WE | T53: Regional-WE | AD53: Regional-WE
A54: 52 | B54: 46117 | C54: Easter | D54: Sunday | H54: Optional-WE | N54: Regional-WE | AE54: Regional-WE
B55: 46118 | C55: Easter Monday | D55: Monday | N55: Regional
A56: 53 | B56: 46123 | C56: Mahatma Jyotiba Phule Jayanti | D56: Saturday | L56: Regional-WE
A57: 54 | B57: 46125 | C57: Shrimad Vallabhacharya Jayanti | D57: Monday | O57: Regional | AJ57: =VLOOKUP(B57,'For A grades - 11 days'!B54:AJ243,35,0) -> Optional
A58: 55 | B58: 46126 | C58: Dr. B. R. Ambedkar Jayanthi / Tamil New Year / Maha Visuva Shankranti / Bohag Bihu (Assamese New Year) / Cheiraoba (Manipuri New Year)/Bengali New Year /Vaisakhi/ Pohela Boishakh | D58: Tuesday | H58: Regional | J58: Regional | L58: National | N58: Regional | O58: Regional | Q58: Regional | S58: Regional | T58: Regional | V58: Regional | W58: Regional | AA58: Regional | AD58: Regional | AE58: Regional | AF58: Regional | AG58: Regional | AI58: Regional | AJ58: =VLOOKUP(B58,'For A grades - 11 days'!B56:AJ244,35,0) -> Regional
A59: 56 | B59: 46127 | C59: Vishu / Himachal Day / Bohag Bihu/ Bengali New Year | D59: Wednesday | H59: Regional | T59: Regional | V59: Regional | AF59: Regional
A60: 57 | B60: 46128 | C60: Bohag Bihu - Day 3 | D60: Thursday | V60: Regional
B61: 46129 | C61: Chandrashekhar Jayanti | D61: Friday | N61: Regional
A62: 58 | B62: 46130 | C62: Tithi of Damodar Deva | D62: Saturday | V62: Regional-WE
A63: 59 | B63: 46131 | C63: Parshuram Jayanti | D63: Sunday | H63: Regional-WE | L63: Regional-WE | N63: Regional-WE | AJ63: =VLOOKUP(B63,'For A grades - 11 days'!B60:AJ248,35,0) -> Regional-WE
A64: 60 | B64: 46132 | C64: Basava Jayanthi, Akshaya Tritiya / Parshuram Jayanti | D64: Monday | O64: Regional | AD64: Regional
A65: 61 | B65: 46133 | C65: Sri Shankarayacharya Jayanthi | D65: Tuesday | V65: Regional | AD65: Regional | AJ65: =VLOOKUP(B65,'For A grades - 11 days'!B63:AJ250,35,0) -> Optional
A66: 62 | B66: 46134 | C66: Shankaracharya Jayanti | D66: Wednesday | O66: Regional | AD66: Regional | AJ66: =VLOOKUP(B66,'For A grades - 11 days'!B64:AJ251,35,0) -> Optional
A67: 63 | B67: 46135 | C67: Veer Kunwar Singh Jayanthi | D67: Thursday | Q67: Regional | W67: Regional
A68: 64 | B68: 46137 | C68: Janaki Navami | D68: Saturday | Q68: Regional-WE
A69: 65 | B69: 46139 | C69: Ram Navami | D69: Monday | Q69: Regional
A70: 66 | B70: 46143 | C70: Buddha Purnima/May day / Maharashtra Day | D70: Friday | H70: Regional | J70: Regional | N70: Regional | O70: Regional | Q70: Regional | T70: Regional | V70: Regional | W70: Regional | Y70: Regional | AD70: Regional | AE70: National | AF70: Regional | AG70: National | AI70: National | AJ70: =VLOOKUP(B70,'For A grades - 11 days'!B68:AJ255,35,0) -> Optional
A71: 67 | B71: 46149 | C71: BuddhaPurnima | D71: Thursday
A72: 68 | B72: 46151 | C72: Birthday of Rabindranath Tagore | D72: Saturday | H72: Optional-WE | N72: Regional-WE | T72: Regional-WE
A73: 69 | B73: 46158 | C73: Sikkim State Day | D73: Saturday
A74: 70 | B74: 46164 | C74: Shavuoth | D74: Friday | AJ74: =VLOOKUP(B74,'For A grades - 11 days'!B72:AJ259,35,0) -> Optional
A75: 71 | B75: 46169 | C75: Bakrid / Id-ul-Zuha / Saga Dawa (Buddhist festival) | D75: Wednesday | H75: Regional | J75: Regional | N75: Regional | O75: Regional | T75: Regional | V75: Regional | W75: Regional | X75: Regional | Y75: Regional | AF75: Regional | AJ75: =VLOOKUP(B75,'For A grades - 11 days'!B72:AJ259,35,0) -> Regional
A76: 72 | B76: 46170 | C76: Bakrid | D76: Thursday | L76: Regional | N76: Regional | Q76: Regional | AA76: Regional | AD76: Regional | AE76: Regional | AF76: Regional | AG76: Regional | AI76: Regional
A77: 73 | B77: 46174 | C77: Janmotsav of Sri Sri Madhabdeva | D77: Monday | V77: Regional
A78: 74 | B78: 46177 | C78: Saga Dawa | D78: Thursday | J78: Optional | AA78: Regional
A79: 75 | B79: 46188 | C79: Raja Sankranti / YMA Day | D79: Monday | S79: Regional | Y79: Regional | AA79: Regional
A80: 76 | B80: 46190 | C80: Chhatrasal Jayanti / Maharana Pratap Jayanti | D80: Wednesday | H80: Regional | L80: Regional | O80: Regional
A81: 77 | B81: 46191 | C81: Anugrah Narayan Sinha Jayanti | D81: Thursday | J81: Optional | Q81: Regional | AJ81: =VLOOKUP(B81,'For A grades - 11 days'!B78:AJ265,35,0) -> Optional
A82: 78 | B82: 46195 | C82: Rev. Thomas Jones Day | D82: Monday | X82: Regional
A83: 79 | B83: 46196 | C83: Mahesh Navami (Jyeshtha Shukla-9) | D83: Tuesday | O83: Regional
A84: 80 | B84: 46197 | C84: Kharchi Puja (major Tripura festival) / Veerangana Durgavati Sacrifice Day | D84: Wednesday | J84: Optional | O84: Regional
A85: 81 | B85: 46198 | C85: Muharram | D85: Thursday | N85: Regional | AJ85: =VLOOKUP(B85,'For A grades - 11 days'!B82:AJ269,35,0) -> Optional
A86: 82 | B86: 46199 | C86: Muharram | D86: Friday | H86: Regional | J86: Regional | L86: Regional | N86: Regional | O86: Regional | Q86: Regional | T86: Regional | Y86: Regional | AD86: Regional | AE86: Regional | AF86: Regional | AG86: Regional | AJ86: =VLOOKUP(B86,'For A grades - 11 days'!B83:AJ270,35,0) -> Regional
A87: 83 | B87: 46200 | C87: Muharram | D87: Saturday | Q87: Regional-WE
A88: 84 | B88: 46202 | C88: Sant Guru Kabir Jayanti | D88: Monday | H88: Regional | O88: Regional | Q88: Regional
A89: 85 | B89: 46203 | C89: Remna Ni / Hul Diwas | D89: Tuesday | T89: Regional | Y89: Regional
A90: 86 | B90: 46204 | C90: Guru Hargobind Ji’s Birthday | D90: Wednesday
A91: 87 | B91: 46208 | C91: Guru Hargobind Ji’s Birthday | D91: Sunday | J91: Regional-WE
A92: 88 | B92: 46209 | C92: MHIP Day | D92: Monday | Y92: Regional
A93: 89 | B93: 46212 | C93: Beh Deinkhlam | D93: Thursday | X93: Regional | AA93: Regional
A94: 90 | B94: 46216 | C94: Gatha Gahambae | D94: Monday | AJ94: =VLOOKUP(B94,'For A grades - 11 days'!B90:AJ277,35,0) -> Optional
A95: 91 | B95: 46218 | C95: Parsi New Year | D95: Wednesday | AJ95: =VLOOKUP(B95,'For A grades - 11 days'!B91:AJ278,35,0) -> Optional
A96: 92 | B96: 46219 | C96: Rath Yatra | D96: Thursday | O96: Regional | S96: Regional | W96: Regional | AJ96: =VLOOKUP(B96,'For A grades - 11 days'!B90:AJ277,35,0) -> Optional
A97: 93 | B97: 46220 | C97: Death. AnnIversary of U Tirot Sing | D97: Friday
A98: 94 | B98: 46224 | C98: Khordad Sal | D98: Tuesday | AJ98: =VLOOKUP(B98,'For A grades - 11 days'!B93:AJ279,35,0) -> Optional
A99: 95 | B99: 46226 | C99: Tisha-Bee-Aav | D99: Thursday | AJ99: =VLOOKUP(B99,'For A grades - 11 days'!B94:AJ280,35,0) -> Optional
A100: 96 | B100: 46238 | C100: Chehallum | D100: Tuesday | J100: Optional | N100: Regional | Q100: Regional
...

Sheet Conneqt Business Solutions
A1: - | B1: - | C1: - | D1: - | E1: 2026 | H1: North India | R1: Central India | T1: East India | X1: Northeast India | AF1: South India | AL1: West India
A2: S.no | B2: Date | C2: Festival | D2: Day | E2: Date | F2: Festival | G2: Day | H2: Delhi | I2: Chandigarh | J2: Haryana | K2: Himachal Pradesh | L2: Jammu & Kashmir | M2: Ladakh | N2: Punjab | O2: Rajasthan | P2: Uttarakhand | Q2: Uttar Pradesh | R2: Chhattisgarh | S2: Madhya Pradesh | T2: Bihar | U2: Jharkhand | V2: Odisha | W2: West Bengal | X2: Arunachal Pradesh | Y2: Assam | Z2: Manipur | AA2: Meghalaya | AB2: Mizoram | AC2: Nagaland | AD2: Sikkim | AE2: Tripura | AF2: Andhra Pradesh | AG2: Karnataka | AH2: Kerala | AI2: Puducherry | AJ2: Tamil Nadu | AK2: Telangana | AL2: Goa | AM2: Gujarat | AN2: Maharashtra | XEA2: Yes
A3: 1 | B3: 45658 | C3: New Year's Day | D3: =TEXT(B3,"ddddddd") -> Wednesday
A4: 2 | B4: 45671 | C4: Pongal/Makara Sankranti Festival Uttarayana Punyakala | D4: =TEXT(B4,"ddddddd") -> Tuesday
A5: 3 | B5: 45672 | C5: Pongal/Sankranti/ Thiruvalluvar Day/ Magh Bihu | D5: =TEXT(B5,"ddddddd") -> Wednesday
A6: 4 | B6: 45683 | C6: Republic Day | D6: =TEXT(B6,"ddddddd") -> Sunday
A7: 5 | B7: 45714 | C7: Maha Shivratri | D7: =TEXT(B7,"ddddddd") -> Wednesday
A8: 6 | B8: 45730 | C8: Holi/Dhulandi/Yaosang | D8: =TEXT(B8,"ddddddd") -> Friday
A9: 7 | B9: 45731 | C9: Holi/Dhulandi/Yaosang | D9: =TEXT(B9,"ddddddd") -> Saturday
A10: 8 | B10: 45746 | C10: Ugadi/ Gudi Padava/ Telugu New Year | D10: =TEXT(B10,"ddddddd") -> Sunday
A11: 9 | B11: 45747 | C11: Ramzan Id/Eid-ul-Fitar/ Idul Fitr | D11: =TEXT(B11,"ddddddd") -> Monday
A12: 10 | B12: 45748 | C12: Ramzan Id/Eid-ul-Fitar/ Idul Fitr | D12: =TEXT(B12,"ddddddd") -> Tuesday
A13: 11 | B13: 45757 | C13: Mahavir Jayanti | D13: =TEXT(B13,"ddddddd") -> Thursday
A14: 12 | B14: 45761 | C14: Dr Ambedkar Jayanti/ Tamil New Year Day/ Mahavir Jayanti/Vaisakhi/Cheiraoba/Bengali New Year/Bohag Bihu | D14: =TEXT(B14,"ddddddd") -> Monday
... A40: 38 | B40: 46016 | C40: Christmas Day | D40: =TEXT(B40,"ddddddd") -> Thursday
A43: Total
D44: Sunday
D45: Saturday

Sheet Conneqt Digital
A1: - | C1: - | D1: - | E1: - | F1: South | L1: East | U1: West | Z1: North
A2: S.no | B2: S.no | C2: Date | D2: Festival | E2: Day | F2: Telangana | G2: Andhra Pradesh | H2: Kerala | I2: Karnataka | J2: Tamil Nadu | K2: Pondicherry | L2: Jharkhand | M2: Arunachal Pradesh | N2: Manipur | O2: Meghalaya | P2: Assam | Q2: Bihar | R2: Odisha | S2: Tripura | T2: West Bengal | U2: Chhattisgarh | V2: Goa | W2: Madhya Pradesh | X2: Gujarat | Y2: Maharashtra | Z2: Delhi | AA2: Haryana | AB2: Chandigarh | AC2: Himachal Pradesh | AD2: Jammu and Kashmir | AE2: Punjab | AF2: Rajasthan | AG2: Uttar Pradesh | AH2: Uttarakhand | AL2: Proposed | AO2: g
A3: 1 | B3: 1 | C3: 45658 | D3: New Year's Day | E3: =TEXT(C3,"ddddddd") -> Wednesday | F3: Yes | G3: Yes | H3: Yes | I3: Yes | J3: Yes | K3: Yes | L3: Yes | M3: Yes | N3: Yes | O3: Yes | P3: Yes | Q3: Yes | R3: Yes | S3: Yes | T3: Yes | U3: Yes | V3: Yes | W3: Yes | X3: Yes | Y3: Yes | Z3: Yes | AA3: Yes | AB3: Yes | AC3: Yes | AD3: Yes | AE3: Yes | AF3: Yes | AG3: Yes | AH3: Yes | AI3: =COUNTA(F3:AH3) -> 29 | AK3: YES | AL3: YES | AN3: =VLOOKUP(D3,'Conneqt Business Solutions'!C3:C40,1,0) -> New Year's Day | AO3: =AN3=D3 -> TRUE
A4: 2 | B4: 2 | C4: 45671 | D4: Pongal/Makara Sankranti Festival Uttarayana Punyakala | E4: =TEXT(C4,"ddddddd") -> Tuesday | F4: Yes | I4: Yes | J4: Yes | K4: Yes | M4: Yes | R4: Yes | X4: Yes | AC4: Yes | AG4: Yes | AH4: Yes | AI4: =COUNTA(F4:AH4) -> 10 | AN4: =VLOOKUP(D4,'Conneqt Business Solutions'!C4:C41,1,0) -> Pongal/Makara Sankranti Festival Uttarayana Punyakala | AO4: =AN4=D4 -> TRUE
A5: 3 | B5: 3 | C5: 45672 | D5: Pongal/Sankranti/ Thiruvalluvar Day/ Magh Bihu | E5: =TEXT(C5,"ddddddd") -> Wednesday | G5: Yes | P5: Yes | Q5: Yes | AI5: =COUNTA(F5:AH5) -> 3 | AN5: =VLOOKUP(D5,'Conneqt Business Solutions'!C5:C42,1,0) -> Pongal/Sankranti/ Thiruvalluvar Day/ Magh Bihu | AO5: =AN5=D5 -> TRUE
A6: 4 | B6: 4 | C6: 45683 | D6: Republic Day | E6: =TEXT(C6,"ddddddd") -> Sunday | F6: Yes | G6: Yes | H6: Yes | I6: Yes | J6: Yes | K6: Yes | L6: Yes | M6: Yes | N6: Yes | O6: Yes | P6: Yes | Q6: Yes | R6: Yes | S6: Yes | T6: Yes | U6: Yes | V6: Yes | W6: Yes | X6: Yes | Y6: Yes | Z6: Yes | AA6: Yes | AB6: Yes | AC6: Yes | AD6: Yes | AE6: Yes | AF6: Yes | AG6: Yes | AH6: Yes | AI6: =COUNTA(F6:AH6) -> 29 | AK6: YES | AL6: YES | AN6: =VLOOKUP(D6,'Conneqt Business Solutions'!C6:C43,1,0) -> Republic Day | AO6: =AN6=D6 -> TRUE
A7: 5 | B7: 5 | C7: 45714 | D7: Maha Shivratri | E7: =TEXT(C7,"ddddddd") -> Wednesday | W7: Yes | Z7: Yes | AD7: Yes | AF7: Yes | AI7: =COUNTA(F7:AH7) -> 4 | AN7: =VLOOKUP(D7,'Conneqt Business Solutions'!C7:C44,1,0) -> Maha Shivratri | AO7: =AN7=D7 -> TRUE
A8: 6 | B8: 6 | C8: 45730 | D8: Holi/Dhulandi/Yaosang | E8: =TEXT(C8,"ddddddd") -> Friday | L8: Yes | M8: Yes | N8: Yes | O8: Yes | P8: Yes | Q8: Yes | R8: Yes | S8: Yes | U8: Yes | V8: Yes | W8: Yes | X8: Yes | Y8: Yes | Z8: Yes | AA8: Yes | AB8: Yes | AC8: Yes | AD8: Yes | AE8: Yes | AF8: Yes | AG8: Yes | AH8: Yes | AI8: =COUNTA(F8:AH8) -> 22 | AK8: YES | AL8: YES | AN8: =VLOOKUP(D8,'Conneqt Business Solutions'!C8:C45,1,0) -> Holi/Dhulandi/Yaosang | AO8: =AN8=D8 -> TRUE
A9: 7 | B9: 7 | C9: 45731 | D9: Holi/Dhulandi/Yaosang | E9: =TEXT(C9,"ddddddd") -> Saturday | AI9: =COUNTA(F9:AH9) -> 0 | AN9: =VLOOKUP(D9,'Conneqt Business Solutions'!C9:C46,1,0) -> Holi/Dhulandi/Yaosang | AO9: =AN9=D9 -> TRUE
A10: 8 | B10: 8 | C10: 45746 | D10: Ugadi/ Gudi Padava/ Telugu New Year | E10: =TEXT(C10,"ddddddd") -> Sunday | AI10: =COUNTA(F10:AH10) -> 0 | AN10: =VLOOKUP(D10,'Conneqt Business Solutions'!C10:C47,1,0) -> Ugadi/ Gudi Padava/ Telugu New Year | AO10: =AN10=D10 -> TRUE
A11: 9 | B11: 9 | C11: 45747 | D11: Ramzan Id/Eid-ul-Fitar/ Idul Fitr | E11: =TEXT(C11,"ddddddd") -> Monday | AI11: =COUNTA(F11:AH11) -> 0 | AJ11: remove | AN11: =VLOOKUP(D11,'Conneqt Business Solutions'!C11:C48,1,0) -> Ramzan Id/Eid-ul-Fitar/ Idul Fitr | AO11: =AN11=D11 -> TRUE
A12: 10 | B12: 10 | C12: 45748 | D12: Ramzan Id/Eid-ul-Fitar/ Idul Fitr | E12: =TEXT(C12,"ddddddd") -> Tuesday | F12: Yes | G12: Yes | H12: Yes | I12: Yes | J12: Yes | K12: Yes | L12: Yes | M12: Yes | N12: Yes | O12: Yes | P12: Yes | Q12: Yes | R12: Yes | S12: Yes | T12: Yes | U12: Yes | V12: Yes | W12: Yes | X12: Yes | Y12: Yes | Z12: Yes | AA12: Yes | AB12: Yes | AC12: Yes | AD12: Yes | AE12: Yes | AF12: Yes | AG12: Yes | AH12: Yes | AI12: =COUNTA(F12:AH12) -> 29 | AJ12: All | AK12: YES | AL12: YES | AN12: =VLOOKUP(D12,'Conneqt Business Solutions'!C12:C49,1,0) -> Ramzan Id/Eid-ul-Fitar/ Idul Fitr | AO12: =AN12=D12 -> TRUE
A13: 11 | B13: 11 | C13: 45757 | D13: Mahavir Jayanti | E13: =TEXT(C13,"ddddddd") -> Thursday | AI13: =COUNTA(F13:AH13) -> 0 | AN13: =VLOOKUP(D13,'Conneqt Business Solutions'!C13:C50,1,0) -> Mahavir Jayanti | AO13: =AN13=D13 -> TRUE
A14: 12 | B14: 12 | C14: 45761 | D14: Dr Ambedkar Jayanti/ Tamil New Year Day/ Mahavir Jayanti/Vaisakhi/Cheiraoba/Bengali New Year/Bohag Bihu | E14: =TEXT(C14,"ddddddd") -> Monday | F14: Yes | G14: Yes | H14: Yes | I14: Yes | J14: Yes | K14: Yes | L14: Yes | N14: Yes | O14: Yes | P14: Yes | R14: Yes | S14: Yes | U14: Yes | Y14: Yes | AA14: Yes | AB14: Yes | AD14: Yes | AE14: Yes | AF14: Yes | AI14: =COUNTA(F14:AH14) -> 19 | AK14: YES | AL14: YES | AN14: =VLOOKUP(D14,'Conneqt Business Solutions'!C14:C51,1,0) -> Dr Ambedkar Jayanti/ Tamil New Year Day/ Mahavir Jayanti/Vaisakhi/Cheiraoba/Bengali New Year/Bohag Bihu | AO14: =AN14=D14 -> TRUE
A15: 13 | B15: 13 | C15: 45762 | D15: Bohag Bihu/Bengali New year/ Himachal Day | E15: =TEXT(C15,"ddddddd") -> Tuesday | M15: Yes | T15: Yes | AC15: Yes | AI15: =COUNTA(F15:AH15) -> 3 | AN15: =VLOOKUP(D15,'Conneqt Business Solutions'!C15:C52,1,0) -> Bohag Bihu/Bengali New year/ Himachal Day | AO15: =AN15=D15 -> TRUE
A16: 14 | B16: 14 | C16: 45765 | D16: Good Friday | E16: =TEXT(C16,"ddddddd") -> Friday | V16: Yes | AI16: =COUNTA(F16:AH16) -> 1 | AN16: =VLOOKUP(D16,'Conneqt Business Solutions'!C16:C53,1,0) -> Good Friday | AO16: =AN16=D16 -> TRUE
B17: 15 | C17: 45778 | D17: May Day/Gujarat/Maharastra Day | E17: =TEXT(C17,"ddddddd") -> Thursday | F17: Yes | G17: Yes | H17: Yes | I17: Yes | J17: Yes | K17: Yes | L17: Yes | M17: Yes | N17: Yes | O17: Yes | P17: Yes | Q17: Yes | R17: Yes | S17: Yes | T17: Yes | U17: Yes | V17: Yes | W17: Yes | X17: Yes | Y17: Yes | Z17: Yes | AA17: Yes | AB17: Yes | AC17: Yes | AD17: Yes | AE17: Yes | AF17: Yes | AG17: Yes | AH17: Yes | AI17: =COUNTA(F17:AH17) -> 29 | AJ17: All | AK17: YES | AL17: YES | AN17: =VLOOKUP(D17,'Conneqt Business Solutions'!C17:C54,1,0) -> May Day/Gujarat/Maharastra Day | AO17: =AN17=D17 -> TRUE
A18: 16 | B18: 16 | C18: 45789 | D18: Buddha Purnima | E18: =TEXT(C18,"ddddddd") -> Monday | S18: Yes | T18: Yes | U18: Yes | W18: Yes | Z18: Yes | AI18: =COUNTA(F18:AH18) -> 5 | AN18: =VLOOKUP(D18,'Conneqt Business Solutions'!C18:C55,1,0) -> Buddha Purnima | AO18: =AN18=D18 -> TRUE
A19: 17 | B19: 17 | C19: 45814 | D19: Muharram/Ashura (Tentative Date)/d-ul-Ad’ha (Bakrid)* | E19: =TEXT(C19,"ddddddd") -> Friday | AI19: =COUNTA(F19:AH19) -> 0 | AN19: =VLOOKUP(D19,'Conneqt Business Solutions'!C19:C56,1,0) -> Muharram/Ashura (Tentative Date)/d-ul-Ad’ha (Bakrid)* | AO19: =AN19=D19 -> TRUE
A20: 18 | B20: 18 | C20: 45815 | D20: Muharram/Ashura (Tentative Date)/d-ul-Ad’ha (Bakrid)* /Iduljuha | E20: =TEXT(C20,"ddddddd") -> Saturday | F20: Yes | G20: Yes | H20: Yes | J20: Yes | L20: Yes | M20: Yes | N20: Yes | O20: Yes | P20: Yes | Q20: Yes | R20: Yes | S20: Yes | T20: Yes | U20: Yes | V20: Yes | W20: Yes | Z20: Yes | AA20: Yes | AB20: Yes | AC20: Yes | AD20: Yes | AE20: Yes | AF20: Yes | AG20: Yes | AH20: Yes | AI20: =COUNTA(F20:AH20) -> 25 | AN20: =VLOOKUP(D20,'Conneqt Business Solutions'!C20:C57,1,0) -> Muharram/Ashura (Tentative Date)/d-ul-Ad’ha (Bakrid)* /Iduljuha | AO20: =AN20=D20 -> TRUE
B21: 19 | C21: 45835 | D21: Rath Yatra | E21: =TEXT(C21,"ddddddd") -> Friday | AI21: =COUNTA(F21:AH21) -> 0 | AN21: =VLOOKUP(D21,'Conneqt Business Solutions'!C21:C58,1,0) -> Rath Yatra | AO21: =AN21=D21 -> TRUE
A22: 19 | B22: 20 | C22: 45878 | D22: Raksha Bandhan | E22: =TEXT(C22,"ddddddd") -> Saturday | X22: Yes | AI22: =COUNTA(F22:AH22) -> 1 | AN22: =VLOOKUP(D22,'Conneqt Business Solutions'!C22:C59,1,0) -> Raksha Bandhan | AO22: =AN22=D22 -> TRUE
A23: 20 | B23: 21 | C23: 45882 | D23: Patriots Day | E23: =TEXT(C23,"ddddddd") -> Wednesday | N23: Yes | AI23: =COUNTA(F23:AH23) -> 1 | AL23: YES | AN23: =VLOOKUP(D23,'Conneqt Business Solutions'!C23:C60,1,0) -> Patriots Day | AO23: =AN23=D23 -> TRUE
A24: 21 | B24: 22 | C24: 45884 | D24: Independence Day | E24: =TEXT(C24,"ddddddd") -> Friday | F24: Yes | G24: Yes | H24: Yes | I24: Yes | J24: Yes | K24: Yes | L24: Yes | M24: Yes | N24: Yes | O24: Yes | P24: Yes | Q24: Yes | R24: Yes | S24: Yes | T24: Yes | U24: Yes | V24: Yes | W24: Yes | X24: Yes | Y24: Yes | Z24: Yes | AA24: Yes | AB24: Yes | AC24: Yes | AD24: Yes | AE24: Yes | AF24: Yes | AG24: Yes | AH24: Yes | AI24: =COUNTA(F24:AH24) -> 29 | AK24: YES | AL24: YES | AN24: =VLOOKUP(D24,'Conneqt Business Solutions'!C24:C61,1,0) -> Independence Day | AO24: =AN24=D24 -> TRUE
A25: 22 | B25: 23 | C25: 45896 | D25: Ganesh Chaturthi/Vinayaka Chavithi/Samvatsari (Chaturthi Paksha) | E25: =TEXT(C25,"ddddddd") -> Wednesday | F25: Yes | G25: Yes | H25: Yes | I25: Yes | J25: Yes | K25: Yes | X25: Yes | Y25: Yes | AI25: =COUNTA(F25:AH25) -> 8 | AK25: YES | AN25: =VLOOKUP(D25,'Conneqt Business Solutions'!C25:C62,1,0) -> Ganesh Chaturthi/Vinayaka Chavithi/Samvatsari (Chaturthi Paksha) | AO25: =AN25=D25 -> TRUE
A26: 23 | B26: 24 | C26: 45897 | D26: Ganesh Chaturthi/Ayyankali Jayanthi | E26: =TEXT(C26,"ddddddd") -> Thursday | AI26: =COUNTA(F26:AH26) -> 0 | AN26: =VLOOKUP(D26,'Conneqt Business Solutions'!C26:C63,1,0) -> Ganesh Chaturthi/Ayyankali Jayanthi | AO26: =AN26=D26 -> TRUE
A27: 24 | B27: 25 | C27: 45904 | D27: First Onam | E27: =TEXT(C27,"ddddddd") -> Thursday | H27: Yes | AI27: =COUNTA(F27:AH27) -> 1 | AN27: =VLOOKUP(D27,'Conneqt Business Solutions'!C27:C64,1,0) -> First Onam | AO27: =AN27=D27 -> TRUE
A28: 25 | B28: 26 | C28: 45905 | D28: Thiruvonam/ Milad - i- sherif/Eid e Milad | E28: =TEXT(C28,"ddddddd") -> Friday | H28: Yes | Y28: Yes | AI28: =COUNTA(F28:AH28) -> 2 | AN28: =VLOOKUP(D28,'Conneqt Business Solutions'!C28:C65,1,0) -> Thiruvonam/ Milad - i- sherif/Eid e Milad | AO28: =AN28=D28 -> TRUE
B29: 27 | C29: 45930 | D29: Maha Ashtami | E29: =TEXT(C29,"ddddddd") -> Tuesday | AI29: =COUNTA(F29:AH29) -> 0 | AL29: YES | AN29: =VLOOKUP(D29,'Conneqt Business Solutions'!C29:C66,1,0) -> Maha Ashtami | AO29: =AN29=D29 -> TRUE
A30: 26 | B30: 28 | C30: 45931 | D30: Mahanavami/Navaratni endsMaha Navami/Ayutha Pooja | E30: =TEXT(C30,"ddddddd") -> Wednesday | O30: Yes | T30: Yes | AI30: =COUNTA(F30:AH30) -> 2 | AN30: =VLOOKUP(D30,'Conneqt Business Solutions'!C30:C67,1,0) -> Mahanavami/Navaratni endsMaha Navami/Ayutha Pooja | AO30: =AN30=D30 -> TRUE
A31: 27 | B31: 29 | C31: 45932 | D31: Mahatma Gandhi Jayanti/Vijaya Dasami/Dussehra/Durga Puja | E31: =TEXT(C31,"ddddddd") -> Thursday | F31: Yes | G31: Yes | H31: Yes | I31: Yes | J31: Yes | K31: Yes | L31: Yes | M31: Yes | N31: Yes | O31: Yes | P31: Yes | Q31: Yes | R31: Yes | S31: Yes | T31: Yes | U31: Yes | V31: Yes | W31: Yes | X31: Yes | Y31: Yes | Z31: Yes | AA31: Yes | AB31: Yes | AC31: Yes | AD31: Yes | AE31: Yes | AF31: Yes | AG31: Yes | AH31: Yes | AI31: =COUNTA(F31:AH31) -> 29 | AK31: YES | AL31: YES | AN31: =VLOOKUP(D31,'Conneqt Business Solutions'!C31:C68,1,0) -> Mahatma Gandhi Jayanti/Vijaya Dasami/Dussehra/Durga Puja | AO31: =AN31=D31 -> TRUE
A32: 28 | B32: 30 | C32: 45950 | D32: Diwali/Deepavali/Kali Puja | E32: =TEXT(C32,"ddddddd") -> Monday | AI32: =COUNTA(F32:AH32) -> 0 | AJ32: remove | AN32: =VLOOKUP(D32,'Conneqt Business Solutions'!C32:C69,1,0) -> Diwali/Deepavali/Kali Puja | AO32: =AN32=D32 -> TRUE
A33: 29 | B33: 31 | C33: 45951 | D33: Diwali/Deepavali/Kali Puja | E33: =TEXT(C33,"ddddddd") -> Tuesday | F33: Yes | G33: Yes | H33: Yes | I33: Yes | J33: Yes | K33: Yes | L33: Yes | M33: Yes | N33: Yes | O33: Yes | P33: Yes | Q33: Yes | R33: Yes | S33: Yes | T33: Yes | U33: Yes | V33: Yes | W33: Yes | X33: Yes | Y33: Yes | Z33: Yes | AA33: Yes | AB33: Yes | AC33: Yes | AD33: Yes | AE33: Yes | AF33: Yes | AG33: Yes | AH33: Yes | AI33: =COUNTA(F33:AH33) -> 29 | AJ33: All | AK33: YES | AN33: =VLOOKUP(D33,'Conneqt Business Solutions'!C33:C70,1,0) -> Diwali/Deepavali/Kali Puja | AO33: =AN33=D33 -> TRUE
A34: 30 | B34: 32 | C34: 45952 | D34: Diwali/Deepavali/Kali Puja/Deepavali Balipadyami/Govardhan Puja | E34: =TEXT(C34,"ddddddd") -> Wednesday | AI34: =COUNTA(F34:AH34) -> 0 | AN34: =VLOOKUP(D34,'Conneqt Business Solutions'!C34:C71,1,0) -> Diwali/Deepavali/Kali Puja/Deepavali Balipadyami/Govardhan Puja | AO34: =AN34=D34 -> TRUE
B35: 33 | C35: 45957 | D35: Chhat Puja | E35: =TEXT(C35,"ddddddd") -> Monday | L35: Yes | Q35: Yes | AG35: Yes | AH35: Yes | AI35: =COUNTA(F35:AH35) -> 4 | AL35: YES | AN35: =VLOOKUP(D35,'Conneqt Business Solutions'!C35:C72,1,0) -> Chhat Puja | AO35: =AN35=D35 -> TRUE
A36: 31 | B36: 34 | C36: 45959 | D36: Maha Saptami | E36: =TEXT(C36,"ddddddd") -> Wednesday | AI36: =COUNTA(F36:AH36) -> 0 | AN36: =VLOOKUP(D36,'Conneqt Business Solutions'!C36:C73,1,0) -> Maha Saptami | AO36: =AN36=D36 -> TRUE
A37: 32 | B37: 35 | C37: 45962 | D37: Karnataka Rajyothsava/Puducherry Liberation Day | E37: =TEXT(C37,"ddddddd") -> Saturday | I37: Yes | K37: Yes | AI37: =COUNTA(F37:AH37) -> 2 | AL37: YES | AN37: =VLOOKUP(D37,'Conneqt Business Solutions'!C37:C74,1,0) -> Karnataka Rajyothsava/Puducherry Liberation Day | AO37: =AN37=D37 -> TRUE
A38: 33 | B38: 36 | C38: 45966 | D38: Guru Nanak Jayanti/ Rahas Purnima | E38: =TEXT(C38,"ddddddd") -> Wednesday | AA38: Yes | AB38: Yes | AE38: Yes | AI38: =COUNTA(F38:AH38) -> 3 | AK38: YES | AN38: =VLOOKUP(D38,'Conneqt Business Solutions'!C38:C75,1,0) -> Guru Nanak Jayanti/ Rahas Purnima | AO38: =AN38=D38 -> TRUE
A39: 34 | B39: 37 | C39: 46010 | D39: Goa Liberation Day | E39: =TEXT(C39,"ddddddd") -> Friday | V39: Yes | AI39: =COUNTA(F39:AH39) -> 1 | AN39: =VLOOKUP(D39,'Conneqt Business Solutions'!C39:C76,1,0) -> Goa Liberation Day | AO39: =AN39=D39 -> TRUE
A40: 35 | B40: 38 | C40: 46016 | D40: Christmas Day | E40: =TEXT(C40,"ddddddd") -> Thursday | F40: Yes | G40: Yes | H40: Yes | I40: Yes | J40: Yes | K40: Yes | L40: Yes | M40: Yes | N40: Yes | O40: Yes | P40: Yes | Q40: Yes | R40: Yes | S40: Yes | T40: Yes | U40: Yes | V40: Yes | W40: Yes | X40: Yes | Y40: Yes | Z40: Yes | AA40: Yes | AB40: Yes | AC40: Yes | AD40: Yes | AE40: Yes | AF40: Yes | AG40: Yes | AH40: Yes | AI40: =COUNTA(F40:AH40) -> 29 | AK40: YES | AN40: =VLOOKUP(D40,'Conneqt Business Solutions'!C40:C77,1,0) -> Christmas Day | AO40: =AN40=D40 -> TRUE
A41: Total | E41: =COUNTIFS(E4:E39,"Yes") -> 0 | F41: =COUNTIFS(F3:F40,"Yes") -> 12 | G41: =COUNTIFS(G3:G40,"Yes") -> 12 | H41: =COUNTIFS(H3:H40,"Yes") -> 13 | I41: =COUNTIFS(I3:I40,"Yes") -> 12 | J41: =COUNTIFS(J3:J40,"Yes") -> 12 | K41: =COUNTIFS(K3:K40,"Yes") -> 12 | L41: =COUNTIFS(L3:L40,"Yes") -> 12 | M41: =COUNTIFS(M3:M40,"Yes") -> 12 | ... AH41: =COUNTIFS(AH3:AH40,"Yes") -> 12
D42: Sunday | E42: =COUNTIFS(E3:E40,"Yes",$D$3:$D$40,$D$42) -> 0 | F42: =COUNTIFS(F$3:F$40,"Yes",$E$3:$E$40,$D$42) -> 1 | G42: =COUNTIFS(G$3:G$40,"Yes",$E$3:$E$40,$D$42) -> 1 | H42: =COUNTIFS(H$3:H$40,"Yes",$E$3:$E$40,$D$42) -> 1 | I42: =COUNTIFS(I$3:I$40,"Yes",$E$3:$E$40,$D$42) -> 1 | J42: =COUNTIFS(J$3:J$40,"Yes",$E$3:$E$40,$D$42) -> 1 | K42: =COUNTIFS(K$3:K$40,"Yes",$E$3:$E$40,$D$42) -> 1 | L42: =COUNTIFS(L$3:L$40,"Yes",$E$3:$E$40,$D$42) -> 1 | M42: =COUNTIFS(M$3:M$40,"Yes",$E$3:$E$40,$D$42) -> 1 | ... AH42: =COUNTIFS(AH$3:AH$40,"Yes",$E$3:$E$40,$D$42) -> 1
D43: Saturday | E43: =COUNTIFS(E4:E41,"Yes",$D$3:$D$40,$D$43) -> 0 | F43: =COUNTIFS(F$3:F$40,"Yes",$E$3:$E$40,$D$43) -> 1 | G43: =COUNTIFS(G$3:G$40,"Yes",$E$3:$E$40,$D$43) -> 1 | H43: =COUNTIFS(H$3:H$40,"Yes",$E$3:$E$40,$D$43) -> 1 | I43: =COUNTIFS(I$3:I$40,"Yes",$E$3:$E$40,$D$43) -> 1 | J43: =COUNTIFS(J$3:J$40,"Yes",$E$3:$E$40,$D$43) -> 1 | K43: =COUNTIFS(K$3:K$40,"Yes",$E$3:$E$40,$D$43) -> 1 | L43: =COUNTIFS(L$3:L$40,"Yes",$E$3:$E$40,$D$43) -> 1 | M43: =COUNTIFS(M$3:M$40,"Yes",$E$3:$E$40,$D$43) -> 1 | ... AH43: =COUNTIFS(AH$3:AH$40,"Yes",$E$3:$E$40,$D$43) -> 1

Sheet Brainhunter
A1: - | B1: - | C1: - | D1: - | E1: South | H1: East | M1: North
A2: S.no | B2: Date | C2: Festival | D2: Day | E2: Telangana | F2: Karnataka | G2: Tamil Nadu | H2: Jharkhand | I2: Madhya Pradesh | J2: Odisha | K2: West Bengal | L2: Maharastra | M2: Delhi | N2: Haryana | O2: Punjab | P2: Uttar Pradesh | XEJ2: Yes
A3: 1 | B3: 45658 | C3: New Year's Day | D3: =TEXT(B3,"ddddddd") -> Wednesday | E3: Yes | F3: Yes | G3: Yes | H3: Yes | I3: Yes | K3: Yes | L3: Yes | M3: Yes | N3: Yes | O3: Yes | P3: Yes
A4: 2 | B4: 45671 | C4: Pongal/Makara Sankranti Festival Uttarayana Punyakala | D4: =TEXT(B4,"ddddddd") -> Tuesday | E4: Yes | F4: Yes | G4: Yes | J4: Yes
A5: 3 | B5: 45672 | C5: Pongal/Sankranti/ Thiruvalluvar Day/ Magh Bihu | D5: =TEXT(B5,"ddddddd") -> Wednesday
A6: 4 | B6: 45683 | C6: Republic Day | D6: =TEXT(B6,"ddddddd") -> Sunday | E6: Yes | F6: Yes | G6: Yes | H6: Yes | I6: Yes | J6: Yes | K6: Yes | L6: Yes | M6: Yes | N6: Yes | O6: Yes | P6: Yes
A7: 5 | B7: 45714 | C7: Maha Shivratri | D7: =TEXT(B7,"ddddddd") -> Wednesday | E7: Yes | F7: Yes | H7: Yes | I7: Yes | J7: Yes | M7: Yes | N7: Yes | O7: Yes
A8: 6 | B8: 45730 | C8: Holi/Dhulandi/Yaosang | D8: =TEXT(B8,"ddddddd") -> Friday | E8: Yes | H8: Yes | I8: Yes | L8: Yes | M8: Yes | N8: Yes | O8: Yes | P8: Yes
A9: 7 | B9: 45731 | C9: Holi/Dhulandi/Yaosang | D9: =TEXT(B9,"ddddddd") -> Saturday | J9: Yes
A10: 8 | B10: 45746 | C10: Ugadi/ Gudi Padava/ Telugu New Year | D10: =TEXT(B10,"ddddddd") -> Sunday
A11: 9 | B11: 45747 | C11: Ramzan Id/Eid-ul-Fitar/ Idul Fitr | D11: =TEXT(B11,"ddddddd") -> Monday | E11: Yes | F11: Yes | G11: Yes | H11: Yes | I11: Yes | J11: Yes | K11: Yes | L11: Yes | M11: Yes | N11: Yes | O11: Yes
A12: 10 | B12: 45748 | C12: Ramzan Id/Eid-ul-Fitar/ Idul Fitr | D12: =TEXT(B12,"ddddddd") -> Tuesday | P12: Yes
A13: 11 | B13: 45757 | C13: Mahavir Jayanti | D13: =TEXT(B13,"ddddddd") -> Thursday
A14: 12 | B14: 45761 | C14: Dr Ambedkar Jayanti/ Tamil New Year Day/ Mahavir Jayanti/Vaisakhi/Cheiraoba/Bengali New Year/Bohag Bihu | D14: =TEXT(B14,"ddddddd") -> Monday | G14: Yes | N14: Yes | O14: Yes | P14: Yes
A15: 13 | B15: 45762 | C15: Bohag Bihu/Bengali New year/ Himachal Day | D15: =TEXT(B15,"ddddddd") -> Tuesday | K15: Yes
A16: 14 | B16: 45765 | C16: Good Friday | D16: =TEXT(B16,"ddddddd") -> Friday | E16: Yes | H16: Yes | I16: Yes | J16: Yes | K16: Yes | L16: Yes | M16: Yes
A17: 15 | B17: 45778 | C17: May Day/Gujarat/Maharastra Day | D17: =TEXT(B17,"ddddddd") -> Thursday | F17: Yes | G17: Yes | J17: Yes | K17: Yes | L17: Yes | N17: Yes | O17: Yes
A18: 16 | B18: 45789 | C18: Buddha Purnima | D18: =TEXT(B18,"ddddddd") -> Monday | I18: Yes | K18: Yes | M18: Yes | P18: Yes
A19: 17 | B19: 45814 | C19: Muharram/Ashura (Tentative Date)/d-ul-Ad’ha (Bakrid)* | D19: =TEXT(B19,"ddddddd") -> Friday
A20: 18 | B20: 45815 | C20: Muharram/Ashura (Tentative Date)/d-ul-Ad’ha (Bakrid)* /Iduljuha | D20: =TEXT(B20,"ddddddd") -> Saturday
A21: 19 | B21: 45835 | C21: Rath Yatra | D21: =TEXT(B21,"ddddddd") -> Friday | J21: Yes
A22: 20 | B22: 45878 | C22: Raksha Bandhan | D22: =TEXT(B22,"ddddddd") -> Saturday | I22: Yes | L22: Yes
A23: 21 | B23: 45882 | C23: Patriots Day | D23: =TEXT(B23,"ddddddd") -> Wednesday
A24: 22 | B24: 45884 | C24: Independence Day | D24: =TEXT(B24,"ddddddd") -> Friday | E24: Yes | F24: Yes | G24: Yes | H24: Yes | I24: Yes | J24: Yes | K24: Yes | L24: Yes | M24: Yes | N24: Yes | O24: Yes | P24: Yes
A25: 23 | B25: 45896 | C25: Ganesh Chaturthi/Vinayaka Chavithi/Samvatsari (Chaturthi Paksha) | D25: =TEXT(B25,"ddddddd") -> Wednesday | E25: Yes | F25: Yes | G25: Yes | L25: Yes
A26: 24 | B26: 45897 | C26: Ganesh Chaturthi/Ayyankali Jayanthi | D26: =TEXT(B26,"ddddddd") -> Thursday
A27: 25 | B27: 45904 | C27: First Onam | D27: =TEXT(B27,"ddddddd") -> Thursday
A28: 26 | B28: 45905 | C28: Thiruvonam/ Milad - i- sherif/Eid e Milad | D28: =TEXT(B28,"ddddddd") -> Friday
A29: 27 | B29: 45930 | C29: Maha Ashtami | D29: =TEXT(B29,"ddddddd") -> Tuesday | H29: Yes | K29: Yes
A30: 28 | B30: 45931 | C30: Mahanavami/Navaratni endsMaha Navami/Ayutha Pooja | D30: =TEXT(B30,"ddddddd") -> Wednesday | G30: Yes
A31: 29 | B31: 45932 | C31: Mahatma Gandhi Jayanti/Vijaya Dasami/Dussehra/Durga Puja | D31: =TEXT(B31,"ddddddd") -> Thursday | E31: Yes | F31: Yes | G31: Yes | H31: Yes | I31: Yes | J31: Yes | K31: Yes | L31: Yes | M31: Yes | N31: Yes | O31: Yes | P31: Yes
A32: 30 | B32: 45950 | C32: Diwali/Deepavali/Kali Puja | D32: =TEXT(B32,"ddddddd") -> Monday | E32: Yes | G32: Yes | H32: Yes | K32: Yes | M32: Yes
A33: 31 | B33: 45951 | C33: Diwali/Deepavali/Kali Puja | D33: =TEXT(B33,"ddddddd") -> Tuesday | I33: Yes | J33: Yes | L33: Yes | N33: Yes | O33: Yes | P33: Yes
A34: 32 | B34: 45952 | C34: Diwali/Deepavali/Kali Puja/Deepavali Balipadyami/Govardhan Puja | D34: =TEXT(B34,"ddddddd") -> Wednesday | F34: Yes
A35: 33 | B35: 45957 | C35: Chhat Puja | D35: =TEXT(B35,"ddddddd") -> Monday | H35: Yes
A36: 34 | B36: 45958 | C36: Chhat Puja | D36: =TEXT(B36,"ddddddd") -> Tuesday | P36: Yes
A37: 35 | B37: 45959 | C37: Maha Saptami | D37: =TEXT(B37,"ddddddd") -> Wednesday
A38: 36 | B38: 45962 | C38: Karnataka Rajyothsava/Puducherry Liberation Day | D38: =TEXT(B38,"ddddddd") -> Saturday | F38: Yes
A39: 37 | B39: 45966 | C39: Guru Nanak Jayanti/ Rahas Purnima | D39: =TEXT(B39,"ddddddd") -> Wednesday | M39: Yes | N39: Yes | O39: Yes | P39: Yes
A40: 38 | B40: 46010 | C40: Goa Liberation Day | D40: =TEXT(B40,"ddddddd") -> Friday
A41: 39 | B41: 46016 | C41: Christmas Day | D41: =TEXT(B41,"ddddddd") -> Thursday | E41: Yes | F41: Yes | G41: Yes | H41: Yes | I41: Yes | J41: Yes | K41: Yes | L41: Yes | M41: Yes | N41: Yes | O41: Yes | P41: Yes
A44: Total | E44: =COUNTIFS(E3:E42,"Yes") -> 12 | F44: =COUNTIFS(F3:F42,"Yes") -> 12 | G44: =COUNTIFS(G3:G42,"Yes") -> 12 | H44: =COUNTIFS(H3:H42,"Yes") -> 12 | I44: =COUNTIFS(I3:I42,"Yes") -> 12 | J44: =COUNTIFS(J3:J42,"Yes") -> 12 | K44: =COUNTIFS(K3:K42,"Yes") -> 12 | L44: =COUNTIFS(L3:L42,"Yes") -> 12 | ... P44: =COUNTIFS(P3:P42,"Yes") -> 12
D45: Sunday | E45: =COUNTIFS(E3:E42,"Yes",$D$3:$D$42,$D$45) -> 1 | F45: =COUNTIFS(F3:F42,"Yes",$D$3:$D$42,$D$45) -> 1 | G45: =COUNTIFS(G3:G42,"Yes",$D$3:$D$42,$D$45) -> 1 | H45: =COUNTIFS(H3:H42,"Yes",$D$3:$D$42,$D$45) -> 1 | I45: =COUNTIFS(I3:I42,"Yes",$D$3:$D$42,$D$45) -> 1 | J45: =COUNTIFS(J3:J42,"Yes",$D$3:$D$42,$D$45) -> 1 | K45: =COUNTIFS(K3:K42,"Yes",$D$3:$D$42,$D$45) -> 1 | L45: =COUNTIFS(L3:L42,"Yes",$D$3:$D$42,$D$45) -> 1 | ... P45: =COUNTIFS(P3:P42,"Yes",$D$3:$D$42,$D$45) -> 1
D46: Saturday | E46: =COUNTIFS(E3:E42,"Yes",$D$3:$D$42,$D$46) -> 0 | F46: =COUNTIFS(F3:F42,"Yes",$D$3:$D$42,$D$46) -> 1 | G46: =COUNTIFS(G3:G42,"Yes",$D$3:$D$42,$D$46) -> 0 | H46: =COUNTIFS(H3:H42,"Yes",$D$3:$D$42,$D$46) -> 0 | I46: =COUNTIFS(I3:I42,"Yes",$D$3:$D$42,$D$46) -> 1 | J46: =COUNTIFS(J3:J42,"Yes",$D$3:$D$42,$D$46) -> 1 | K46: =COUNTIFS(K3:K42,"Yes",$D$3:$D$42,$D$46) -> 0 | L46: =COUNTIFS(L3:L42,"Yes",$D$3:$D$42,$D$46) -> 1 | ... P46: =COUNTIFS(P3:P42,"Yes",$D$3:$D$42,$D$46) -> 0

Sheet Alldigi
A1: - | B1: - | C1: - | D1: - | E1: South | H1: East | J1: West | K1: North
A2: S.no | B2: Date | C2: Festival | D2: Day | E2: Telangana | F2: Karnataka | G2: Tamil Nadu | H2: Jharkhand | I2: West Bengal | J2: Maharastra | K2: Haryana | L2: Uttar Pradesh | XEF2: Yes
A3: 1 | B3: 45658 | C3: New Year's Day | D3: =TEXT(B3,"ddddddd") -> Wednesday | E3: Yes | F3: Yes | G3: Yes | H3: Yes | I3: Yes | J3: Yes | K3: Yes | L3: Yes
A4: 2 | B4: 45671 | C4: Pongal/Makara Sankranti Festival Uttarayana Punyakala | D4: =TEXT(B4,"ddddddd") -> Tuesday | E4: Yes | F4: Yes | G4: Yes
A5: 3 | B5: 45672 | C5: Pongal/Sankranti/ Thiruvalluvar Day/ Magh Bihu | D5: =TEXT(B5,"ddddddd") -> Wednesday
A6: 4 | B6: 45683 | C6: Republic Day | D6: =TEXT(B6,"ddddddd") -> Sunday | E6: Yes | F6: Yes | G6: Yes | H6: Yes | I6: Yes | J6: Yes | K6: Yes | L6: Yes
A7: 5 | B7: 45714 | C7: Maha Shivratri | D7: =TEXT(B7,"ddddddd") -> Wednesday | E7: Yes | F7: Yes | H7: Yes | K7: Yes
A8: 6 | B8: 45730 | C8: Holi/Dhulandi/Yaosang | D8: =TEXT(B8,"ddddddd") -> Friday | E8: Yes | H8: Yes | J8: Yes | K8: Yes | L8: Yes
A9: 7 | B9: 45731 | C9: Holi/Dhulandi/Yaosang | D9: =TEXT(B9,"ddddddd") -> Saturday
A10: 8 | B10: 45746 | C10: Ugadi/ Gudi Padava/ Telugu New Year | D10: =TEXT(B10,"ddddddd") -> Sunday
A11: 9 | B11: 45747 | C11: Ramzan Id/Eid-ul-Fitar/ Idul Fitr | D11: =TEXT(B11,"ddddddd") -> Monday | E11: Yes | F11: Yes | G11: Yes | H11: Yes | I11: Yes | J11: Yes | K11: Yes
A12: 10 | B12: 45748 | C12: Ramzan Id/Eid-ul-Fitar/ Idul Fitr | D12: =TEXT(B12,"ddddddd") -> Tuesday | L12: Yes
A13: 11 | B13: 45757 | C13: Mahavir Jayanti | D13: =TEXT(B13,"ddddddd") -> Thursday
A14: 12 | B14: 45761 | C14: Dr Ambedkar Jayanti/ Tamil New Year Day/ Mahavir Jayanti/Vaisakhi/Cheiraoba/Bengali New Year/Bohag Bihu | D14: =TEXT(B14,"ddddddd") -> Monday | G14: Yes | K14: Yes | L14: Yes
A15: 13 | B15: 45762 | C15: Bohag Bihu/Bengali New year/ Himachal Day | D15: =TEXT(B15,"ddddddd") -> Tuesday | I15: Yes
A16: 14 | B16: 45765 | C16: Good Friday | D16: =TEXT(B16,"ddddddd") -> Friday | E16: Yes | H16: Yes | I16: Yes | J16: Yes
A17: 15 | B17: 45778 | C17: May Day/Gujarat/Maharastra Day | D17: =TEXT(B17,"ddddddd") -> Thursday | F17: Yes | G17: Yes | I17: Yes | J17: Yes | K17: Yes
A18: 16 | B18: 45789 | C18: Buddha Purnima | D18: =TEXT(B18,"ddddddd") -> Monday | I18: Yes | L18: Yes
A19: 17 | B19: 45814 | C19: Muharram/Ashura (Tentative Date)/d-ul-Ad’ha (Bakrid)* | D19: =TEXT(B19,"ddddddd") -> Friday
A20: 18 | B20: 45815 | C20: Muharram/Ashura (Tentative Date)/d-ul-Ad’ha (Bakrid)* /Iduljuha | D20: =TEXT(B20,"ddddddd") -> Saturday
A21: 19 | B21: 45835 | C21: Rath Yatra | D21: =TEXT(B21,"ddddddd") -> Friday
A22: 20 | B22: 45878 | C22: Raksha Bandhan | D22: =TEXT(B22,"ddddddd") -> Saturday | J22: Yes
A23: 21 | B23: 45882 | C23: Patriots Day | D23: =TEXT(B23,"ddddddd") -> Wednesday
A24: 22 | B24: 45884 | C24: Independence Day | D24: =TEXT(B24,"ddddddd") -> Friday | E24: Yes | F24: Yes | G24: Yes | H24: Yes | I24: Yes | J24: Yes | K24: Yes | L24: Yes
A25: 23 | B25: 45896 | C25: Ganesh Chaturthi/Vinayaka Chavithi/Samvatsari (Chaturthi Paksha) | D25: =TEXT(B25,"ddddddd") -> Wednesday | E25: Yes | F25: Yes | G25: Yes | J25: Yes
A26: 24 | B26: 45897 | C26: Ganesh Chaturthi/Ayyankali Jayanthi | D26: =TEXT(B26,"ddddddd") -> Thursday
A27: 25 | B27: 45904 | C27: First Onam | D27: =TEXT(B27,"ddddddd") -> Thursday
A28: 26 | B28: 45905 | C28: Thiruvonam/ Milad - i- sherif/Eid e Milad | D28: =TEXT(B28,"ddddddd") -> Friday
A29: 27 | B29: 45930 | C29: Maha Ashtami | D29: =TEXT(B29,"ddddddd") -> Tuesday | H29: Yes | I29: Yes
A30: 28 | B30: 45931 | C30: Mahanavami/Navaratni endsMaha Navami/Ayutha Pooja | D30: =TEXT(B30,"ddddddd") -> Wednesday | G30: Yes
A31: 29 | B31: 45932 | C31: Mahatma Gandhi Jayanti/Vijaya Dasami/Dussehra/Durga Puja | D31: =TEXT(B31,"ddddddd") -> Thursday | E31: Yes | F31: Yes | G31: Yes | H31: Yes | I31: Yes | J31: Yes | K31: Yes | L31: Yes
A32: 30 | B32: 45950 | C32: Diwali/Deepavali/Kali Puja | D32: =TEXT(B32,"ddddddd") -> Monday | E32: Yes | G32: Yes | H32: Yes | I32: Yes
A33: 31 | B33: 45951 | C33: Diwali/Deepavali/Kali Puja | D33: =TEXT(B33,"ddddddd") -> Tuesday | J33: Yes | K33: Yes | L33: Yes
A34: 32 | B34: 45952 | C34: Diwali/Deepavali/Kali Puja/Deepavali Balipadyami/Govardhan Puja | D34: =TEXT(B34,"ddddddd") -> Wednesday | F34: Yes
A35: 33 | B35: 45957 | C35: Chhat Puja | D35: =TEXT(B35,"ddddddd") -> Monday | H35: Yes
A36: 34 | B36: 45958 | C36: Chhat Puja | D36: =TEXT(B36,"ddddddd") -> Tuesday | L36: Yes
A37: 35 | B37: 45959 | C37: Maha Saptami | D37: =TEXT(B37,"ddddddd") -> Wednesday
A38: 36 | B38: 45962 | C38: Karnataka Rajyothsava/Puducherry Liberation Day | D38: =TEXT(B38,"ddddddd") -> Saturday | F38: Yes
A39: 37 | B39: 45966 | C39: Guru Nanak Jayanti/ Rahas Purnima | D39: =TEXT(B39,"ddddddd") -> Wednesday | K39: Yes | L39: Yes
A40: 38 | B40: 46010 | C40: Goa Liberation Day | D40: =TEXT(B40,"ddddddd") -> Friday
A41: 39 | B41: 46016 | C41: Christmas Day | D41: =TEXT(B41,"ddddddd") -> Thursday | E41: Yes | F41: Yes | G41: Yes | H41: Yes | I41: Yes | J41: Yes | K41: Yes | L41: Yes
A44: Total | E44: =COUNTIFS(E3:E42,"Yes") -> 12 | F44: =COUNTIFS(F3:F42,"Yes") -> 12 | G44: =COUNTIFS(G3:G42,"Yes") -> 12 | H44: =COUNTIFS(H3:H42,"Yes") -> 12 | I44: =COUNTIFS(I3:I42,"Yes") -> 12 | J44: =COUNTIFS(J3:J42,"Yes") -> 12 | K44: =COUNTIFS(K3:K42,"Yes") -> 12 | L44: =COUNTIFS(L3:L42,"Yes") -> 12
D45: Sunday | E45: =COUNTIFS(E3:E42,"Yes",$D$3:$D$42,$D$45) -> 1 | F45: =COUNTIFS(F3:F42,"Yes",$D$3:$D$42,$D$45) -> 1 | G45: =COUNTIFS(G3:G42,"Yes",$D$3:$D$42,$D$45) -> 1 | H45: =COUNTIFS(H3:H42,"Yes",$D$3:$D$42,$D$45) -> 1 | I45: =COUNTIFS(I3:I42,"Yes",$D$3:$D$42,$D$45) -> 1 | J45: =COUNTIFS(J3:J42,"Yes",$D$3:$D$42,$D$45) -> 1 | K45: =COUNTIFS(K3:K42,"Yes",$D$3:$D$42,$D$45) -> 1 | L45: =COUNTIFS(L3:L42,"Yes",$D$3:$D$42,$D$45) -> 1
D46: Saturday | E46: =COUNTIFS(E3:E42,"Yes",$D$3:$D$42,$D$46) -> 0 | F46: =COUNTIFS(F3:F42,"Yes",$D$3:$D$42,$D$46) -> 1 | G46: =COUNTIFS(G3:G42,"Yes",$D$3:$D$42,$D$46) -> 0 | H46: =COUNTIFS(H3:H42,"Yes",$D$3:$D$42,$D$46) -> 0 | I46: =COUNTIFS(I3:I42,"Yes",$D$3:$D$42,$D$46) -> 0 | J46: =COUNTIFS(J3:J42,"Yes",$D$3:$D$42,$D$46) -> 1 | K46: =COUNTIFS(K3:K42,"Yes",$D$3:$D$42,$D$46) -> 0 | L46: =COUNTIFS(L3:L42,"Yes",$D$3:$D$42,$D$46) -> 0

Sheet GTS Common
A1: - | B1: - | C1: - | D1: - | E1: South | H1: East | K1: West | M1: North
A2: S.no | B2: Date | C2: Festival | D2: Day | E2: Telangana | F2: Kerala | G2: Karnataka | H2: Jharkhand | I2: Odisha | J2: West Bengal | K2: Gujarat | L2: Maharashtra | M2: Jammu and Kashmir | N2: Punjab | O2: Rajasthan | P2: Uttar Pradesh | XEJ2: Yes
A3: 1 | B3: 45658 | C3: New Year's Day | D3: =TEXT(B3,"ddddddd") -> Wednesday | G3: Yes | H3: Yes | I3: Yes | J3: Yes | K3: Yes | L3: Yes
A4: 2 | B4: 45671 | C4: Pongal/Makara Sankranti Festival Uttarayana Punyakala | D4: =TEXT(B4,"ddddddd") -> Tuesday | E4: Yes | G4: Yes | I4: Yes | K4: Yes | P4: Yes
A5: 3 | B5: 45672 | C5: Pongal/Sankranti/ Thiruvalluvar Day/ Magh Bihu | D5: =TEXT(B5,"ddddddd") -> Wednesday
A6: 4 | B6: 45683 | C6: Republic Day | D6: =TEXT(B6,"ddddddd") -> Sunday | E6: Yes | F6: Yes | G6: Yes | H6: Yes | I6: Yes | J6: Yes | K6: Yes | L6: Yes | M6: Yes | N6: Yes | O6: Yes | P6: Yes
A7: 5 | B7: 45714 | C7: Maha Shivratri | D7: =TEXT(B7,"ddddddd") -> Wednesday | E7: Yes | F7: Yes | H7: Yes | M7: Yes | N7: Yes | O7: Yes
A8: 6 | B8: 45730 | C8: Holi/Dhulandi/Yaosang | D8: =TEXT(B8,"ddddddd") -> Friday | E8: Yes | H8: Yes | K8: Yes | L8: Yes | M8: Yes | N8: Yes | O8: Yes | P8: Yes
A9: 7 | B9: 45731 | C9: Holi/Dhulandi/Yaosang | D9: =TEXT(B9,"ddddddd") -> Saturday | I9: Yes
A10: 8 | B10: 45746 | C10: Ugadi/ Gudi Padava/ Telugu New Year | D10: =TEXT(B10,"ddddddd") -> Sunday
A11: 9 | B11: 45747 | C11: Ramzan Id/Eid-ul-Fitar/ Idul Fitr | D11: =TEXT(B11,"ddddddd") -> Monday | E11: Yes | F11: Yes | G11: Yes | H11: Yes | I11: Yes | J11: Yes | K11: Yes | L11: Yes | M11: Yes | N11: Yes | O11: Yes
A12: 10 | B12: 45748 | C12: Ramzan Id/Eid-ul-Fitar/ Idul Fitr | D12: =TEXT(B12,"ddddddd") -> Tuesday | P12: Yes
A13: 11 | B13: 45757 | C13: Mahavir Jayanti | D13: =TEXT(B13,"ddddddd") -> Thursday | N13: Yes
A14: 12 | B14: 45761 | C14: Dr Ambedkar Jayanti/ Tamil New Year Day/ Mahavir Jayanti/Vaisakhi/Cheiraoba/Bengali New Year/Bohag Bihu | D14: =TEXT(B14,"ddddddd") -> Monday | E14: Yes | F14: Yes | G14: Yes | H14: Yes | I14: Yes | J14: Yes | K14: Yes | M14: Yes | N14: Yes | O14: Yes | P14: Yes
A15: 13 | B15: 45762 | C15: Bohag Bihu/Bengali New year/ Himachal Day | D15: =TEXT(B15,"ddddddd") -> Tuesday
A16: 14 | B16: 45765 | C16: Good Friday | D16: =TEXT(B16,"ddddddd") -> Friday | E16: Yes | F16: Yes | K16: Yes | L16: Yes | N16: Yes | O16: Yes | P16: Yes
A17: 15 | B17: 45778 | C17: May Day/Gujarat/Maharastra Day | D17: =TEXT(B17,"ddddddd") -> Thursday | F17: Yes | G17: Yes | J17: Yes | L17: Yes
A18: 16 | B18: 45789 | C18: Buddha Purnima | D18: =TEXT(B18,"ddddddd") -> Monday | H18: Yes | J18: Yes | M18: Yes | P18: Yes
A19: 17 | B19: 45814 | C19: Muharram/Ashura (Tentative Date)/d-ul-Ad’ha (Bakrid)* | D19: =TEXT(B19,"ddddddd") -> Friday | J19: Yes
A20: 18 | B20: 45815 | C20: Muharram/Ashura (Tentative Date)/d-ul-Ad’ha (Bakrid)* /Iduljuha | D20: =TEXT(B20,"ddddddd") -> Saturday | E20: Yes | I20: Yes | M20: Yes | N20: Yes | O20: Yes
A21: 19 | B21: 45878 | C21: Raksha Bandhan | D21: =TEXT(B21,"ddddddd") -> Saturday | K21: Yes | O21: Yes | P21: Yes
A22: 20 | B22: 45882 | C22: Patriots Day | D22: =TEXT(B22,"ddddddd") -> Wednesday
A23: 21 | B23: 45884 | C23: Independence Day | D23: =TEXT(B23,"ddddddd") -> Friday | E23: Yes | F23: Yes | G23: Yes | H23: Yes | I23: Yes | J23: Yes | K23: Yes | L23: Yes | M23: Yes | N23: Yes | O23: Yes | P23: Yes
A24: 22 | B24: 45896 | C24: Ganesh Chaturthi/Vinayaka Chavithi/Samvatsari (Chaturthi Paksha) | D24: =TEXT(B24,"ddddddd") -> Wednesday | E24: Yes | G24: Yes | K24: Yes | L24: Yes
A25: 23 | B25: 45897 | C25: Ganesh Chaturthi/Ayyankali Jayanthi | D25: =TEXT(B25,"ddddddd") -> Thursday
A26: 24 | B26: 45904 | C26: First Onam | D26: =TEXT(B26,"ddddddd") -> Thursday | F26: Yes
A27: 25 | B27: 45905 | C27: Thiruvonam/ Milad - i- sherif/Eid e Milad | D27: =TEXT(B27,"ddddddd") -> Friday | F27: Yes | M27: Yes
A28: 26 | B28: 45931 | C28: Mahanavami/Navaratni endsMaha Navami/Ayutha Pooja | D28: =TEXT(B28,"ddddddd") -> Wednesday | F28: Yes
A29: 27 | B29: 45932 | C29: Mahatma Gandhi Jayanti/Vijaya Dasami/Dussehra/Durga Puja | D29: =TEXT(B29,"ddddddd") -> Thursday | E29: Yes | F29: Yes | G29: Yes | H29: Yes | I29: Yes | J29: Yes | K29: Yes | L29: Yes | M29: Yes | N29: Yes | O29: Yes | P29: Yes
A30: 28 | B30: 45950 | C30: Diwali/Deepavali/Kali Puja | D30: =TEXT(B30,"ddddddd") -> Monday | E30: Yes | F30: Yes | H30: Yes | J30: Yes | K30: Yes | O30: Yes
A31: 29 | B31: 45951 | C31: Diwali/Deepavali/Kali Puja | D31: =TEXT(B31,"ddddddd") -> Tuesday | I31: Yes | L31: Yes | M31: Yes | N31: Yes | P31: Yes
A32: 30 | B32: 45952 | C32: Diwali/Deepavali/Kali Puja/Deepavali Balipadyami/Govardhan Puja | D32: =TEXT(B32,"ddddddd") -> Wednesday | G32: Yes
A33: 31 | B33: 45959 | C33: Maha Saptami | D33: =TEXT(B33,"ddddddd") -> Wednesday
A34: 32 | B34: 45962 | C34: Karnataka Rajyothsava/Puducherry Liberation Day | D34: =TEXT(B34,"ddddddd") -> Saturday | G34: Yes
A35: 33 | B35: 45966 | C35: Guru Nanak Jayanti/ Rahas Purnima | D35: =TEXT(B35,"ddddddd") -> Wednesday | H35: Yes | I35: Yes | J35: Yes | K35: Yes | L35: Yes | M35: Yes | N35: Yes | O35: Yes | P35: Yes
A36: 34 | B36: 46010 | C36: Goa Liberation Day | D36: =TEXT(B36,"ddddddd") -> Friday
A37: 35 | B37: 46016 | C37: Christmas Day | D37: =TEXT(B37,"ddddddd") -> Thursday | E37: Yes | F37: Yes | G37: Yes | H37: Yes | I37: Yes | J37: Yes | K37: Yes | L37: Yes | M37: Yes | N37: Yes | O37: Yes | P37: Yes
A40: Total | E40: =COUNTIFS(E3:E38,"Yes") -> 13 | F40: =COUNTIFS(F3:F38,"Yes") -> 13 | G40: =COUNTIFS(G3:G38,"Yes") -> 12 | H40: =COUNTIFS(H3:H38,"Yes") -> 12 | I40: =COUNTIFS(I3:I38,"Yes") -> 12 | J40: =COUNTIFS(J3:J38,"Yes") -> 12 | K40: =COUNTIFS(K3:K38,"Yes") -> 14 | L40: =COUNTIFS(L3:L38,"Yes") -> 12 | ... P40: =COUNTIFS(P3:P38,"Yes") -> 13
D41: Sunday | E41: =COUNTIFS(E3:E38,"Yes",$D$3:$D$38,$D$41) -> 1 | F41: =COUNTIFS(F3:F38,"Yes",$D$3:$D$38,$D$41) -> 1 | G41: =COUNTIFS(G3:G38,"Yes",$D$3:$D$38,$D$41) -> 1 | H41: =COUNTIFS(H3:H38,"Yes",$D$3:$D$38,$D$41) -> 1 | I41: =COUNTIFS(I3:I38,"Yes",$D$3:$D$38,$D$41) -> 1 | J41: =COUNTIFS(J3:J38,"Yes",$D$3:$D$38,$D$41) -> 1 | K41: =COUNTIFS(K3:K38,"Yes",$D$3:$D$38,$D$41) -> 1 | L41: =COUNTIFS(L3:L38,"Yes",$D$3:$D$38,$D$41) -> 1 | ... P41: =COUNTIFS(P3:P38,"Yes",$D$3:$D$38,$D$41) -> 1
D42: Saturday | E42: =COUNTIFS(E3:E38,"Yes",$D$3:$D$38,$D$42) -> 1 | F42: =COUNTIFS(F3:F38,"Yes",$D$3:$D$38,$D$42) -> 0 | G42: =COUNTIFS(G3:G38,"Yes",$D$3:$D$38,$D$42) -> 1 | H42: =COUNTIFS(H3:H38,"Yes",$D$3:$D$38,$D$42) -> 0 | I42: =COUNTIFS(I3:I38,"Yes",$D$3:$D$38,$D$42) -> 2 | J42: =COUNTIFS(J3:J38,"Yes",$D$3:$D$38,$D$42) -> 0 | K42: =COUNTIFS(K3:K38,"Yes",$D$3:$D$38,$D$42) -> 1 | L42: =COUNTIFS(L3:L38,"Yes",$D$3:$D$38,$D$42) -> 0 | ... P42: =COUNTIFS(P3:P38,"Yes",$D$3:$D$38,$D$42) -> 1

Sheet MFX
A1: - | B1: - | C1: - | D1: - | E1: South | J1: East | O1: West | S1: North
A2: S.no | B2: Date | C2: Festival | D2: Day | E2: Telangana | F2: Andhra Pradesh | G2: Kerala | H2: Karnataka | I2: Tamil Nadu | J2: Jharkhand | K2: Assam | L2: Bihar | M2: Odisha | N2: West Bengal | O2: Chhattisgarh | P2: Madhya Pradesh | Q2: Gujarat | R2: Maharashtra | S2: Delhi | T2: Haryana | U2: Chandigarh | V2: Himachal Pradesh | W2: Jammu and Kashmir | X2: Punjab | Y2: Rajasthan | Z2: Uttar Pradesh | AA2: Uttarakhand | XEU2: Yes
A3: 1 | B3: 45658 | C3: New Year's Day | D3: =TEXT(B3,"ddddddd") -> Wednesday | E3: Yes | H3: Yes | J3: Yes | K3: Yes | L3: Yes | M3: Yes | N3: Yes | R3: Yes | S3: Yes
A4: 2 | B4: 45671 | C4: Pongal/Makara Sankranti Festival Uttarayana Punyakala | D4: =TEXT(B4,"ddddddd") -> Tuesday | E4: Yes | H4: Yes | I4: Yes | Q4: Yes | V4: Yes | Z4: Yes
A5: 3 | B5: 45672 | C5: Pongal/Sankranti/ Thiruvalluvar Day/ Magh Bihu | D5: =TEXT(B5,"ddddddd") -> Wednesday | F5: Yes
A6: 4 | B6: 45683 | C6: Republic Day | D6: =TEXT(B6,"ddddddd") -> Sunday | E6: Yes | F6: Yes | G6: Yes | H6: Yes | I6: Yes | J6: Yes | K6: Yes | L6: Yes | M6: Yes | N6: Yes | O6: Yes | P6: Yes | Q6: Yes | R6: Yes | S6: Yes | T6: Yes | U6: Yes | V6: Yes | W6: Yes | X6: Yes | Y6: Yes | Z6: Yes | AA6: Yes
A7: 5 | B7: 45714 | C7: Maha Shivratri | D7: =TEXT(B7,"ddddddd") -> Wednesday | E7: Yes | F7: Yes | G7: Yes | P7: Yes | S7: Yes | T7: Yes | U7: Yes | W7: Yes | X7: Yes | Y7: Yes
A8: 6 | B8: 45730 | C8: Holi/Dhulandi/Yaosang | D8: =TEXT(B8,"ddddddd") -> Friday | E8: Yes | F8: Yes | J8: Yes | K8: Yes | L8: Yes | M8: Yes | N8: Yes | O8: Yes | P8: Yes | Q8: Yes | R8: Yes | S8: Yes | T8: Yes | U8: Yes | V8: Yes | W8: Yes | X8: Yes | Y8: Yes | Z8: Yes | AA8: Yes
A9: 7 | B9: 45731 | C9: Holi/Dhulandi/Yaosang | D9: =TEXT(B9,"ddddddd") -> Saturday
A10: 8 | B10: 45746 | C10: Ugadi/ Gudi Padava/ Telugu New Year | D10: =TEXT(B10,"ddddddd") -> Sunday
A11: 9 | B11: 45747 | C11: Ramzan Id/Eid-ul-Fitar/ Idul Fitr | D11: =TEXT(B11,"ddddddd") -> Monday | E11: Yes | F11: Yes | G11: Yes | H11: Yes | I11: Yes | J11: Yes | K11: Yes | L11: Yes | M11: Yes | N11: Yes | O11: Yes | P11: Yes | Q11: Yes | R11: Yes | S11: Yes | T11: Yes | U11: Yes | V11: Yes | W11: Yes | X11: Yes | Y11: Yes | AA11: Yes
A12: 10 | B12: 45748 | C12: Ramzan Id/Eid-ul-Fitar/ Idul Fitr | D12: =TEXT(B12,"ddddddd") -> Tuesday | Z12: Yes
A13: 11 | B13: 45757 | C13: Mahavir Jayanti | D13: =TEXT(B13,"ddddddd") -> Thursday | O13: Yes | U13: Yes | X13: Yes
A14: 12 | B14: 45761 | C14: Dr Ambedkar Jayanti/ Tamil New Year Day/ Mahavir Jayanti/Vaisakhi/Cheiraoba/Bengali New Year/Bohag Bihu | D14: =TEXT(B14,"ddddddd") -> Monday | G14: Yes | I14: Yes | J14: Yes | K14: Yes | L14: Yes | M14: Yes | N14: Yes | O14: Yes | P14: Yes | Q14: Yes | T14: Yes | U14: Yes | V14: Yes | W14: Yes | X14: Yes | Y14: Yes | Z14: Yes | AA14: Yes
A15: 13 | B15: 45762 | C15: Bohag Bihu/Bengali New year/ Himachal Day | D15: =TEXT(B15,"ddddddd") -> Tuesday | V15: Yes
A16: 14 | B16: 45765 | C16: Good Friday | D16: =TEXT(B16,"ddddddd") -> Friday | E16: Yes | F16: Yes | G16: Yes | I16: Yes | O16: Yes | P16: Yes | Q16: Yes | R16: Yes | U16: Yes | V16: Yes | X16: Yes | Y16: Yes | Z16: Yes | AA16: Yes
A17: 15 | B17: 45778 | C17: May Day/Gujarat/Maharastra Day | D17: =TEXT(B17,"ddddddd") -> Thursday | F17: Yes | G17: Yes | H17: Yes | I17: Yes | J17: Yes | K17: Yes | L17: Yes | M17: Yes | N17: Yes | R17: Yes
A18: 16 | B18: 45789 | C18: Buddha Purnima | D18: =TEXT(B18,"ddddddd") -> Monday | O18: Yes | P18: Yes | U18: Yes | W18: Yes | Z18: Yes | AA18: Yes
A19: 17 | B19: 45814 | C19: Muharram/Ashura (Tentative Date)/d-ul-Ad’ha (Bakrid)* | D19: =TEXT(B19,"ddddddd") -> Friday
A20: 18 | B20: 45815 | C20: Muharram/Ashura (Tentative Date)/d-ul-Ad’ha (Bakrid)* /Iduljuha | D20: =TEXT(B20,"ddddddd") -> Saturday | E20: Yes | F20: Yes | I20: Yes | O20: Yes | P20: Yes | S20: Yes | T20: Yes | W20: Yes | X20: Yes | Y20: Yes
A21: 19 | B21: 45878 | C21: Raksha Bandhan | D21: =TEXT(B21,"ddddddd") -> Saturday | Q21: Yes | T21: Yes | V21: Yes | Y21: Yes | Z21: Yes | AA21: Yes
A22: 20 | B22: 45882 | C22: Patriots Day | D22: =TEXT(B22,"ddddddd") -> Wednesday
A23: 21 | B23: 45884 | C23: Independence Day | D23: =TEXT(B23,"ddddddd") -> Friday | E23: Yes | F23: Yes | G23: Yes | H23: Yes | I23: Yes | J23: Yes | K23: Yes | L23: Yes | M23: Yes | N23: Yes | O23: Yes | P23: Yes | Q23: Yes | R23: Yes | S23: Yes | T23: Yes | U23: Yes | V23: Yes | W23: Yes | X23: Yes | Y23: Yes | Z23: Yes | AA23: Yes
A24: 22 | B24: 45896 | C24: Ganesh Chaturthi/Vinayaka Chavithi/Samvatsari (Chaturthi Paksha) | D24: =TEXT(B24,"ddddddd") -> Wednesday | E24: Yes | F24: Yes | H24: Yes | I24: Yes | J24: Yes | K24: Yes | L24: Yes | M24: Yes | N24: Yes | Q24: Yes | R24: Yes
A25: 23 | B25: 45897 | C25: Ganesh Chaturthi/Ayyankali Jayanthi | D25: =TEXT(B25,"ddddddd") -> Thursday
A26: 24 | B26: 45904 | C26: First Onam | D26: =TEXT(B26,"ddddddd") -> Thursday | G26: Yes
A27: 25 | B27: 45905 | C27: Thiruvonam/ Milad - i- sherif/Eid e Milad | D27: =TEXT(B27,"ddddddd") -> Friday | G27: Yes | S27: Yes | T27: Yes | W27: Yes | AA27: Yes
A28: 26 | B28: 45931 | C28: Mahanavami/Navaratni endsMaha Navami/Ayutha Pooja | D28: =TEXT(B28,"ddddddd") -> Wednesday | G28: Yes | H28: Yes | I28: Yes | J28: Yes | K28: Yes | L28: Yes | M28: Yes | N28: Yes | R28: Yes
A29: 27 | B29: 45932 | C29: Mahatma Gandhi Jayanti/Vijaya Dasami/Dussehra/Durga Puja | D29: =TEXT(B29,"ddddddd") -> Thursday | E29: Yes | F29: Yes | G29: Yes | H29: Yes | I29: Yes | J29: Yes | K29: Yes | L29: Yes | M29: Yes | N29: Yes | O29: Yes | P29: Yes | Q29: Yes | R29: Yes | S29: Yes | T29: Yes | U29: Yes | V29: Yes | W29: Yes | X29: Yes | Y29: Yes | Z29: Yes | AA29: Yes
A30: 28 | B30: 45950 | C30: Diwali/Deepavali/Kali Puja | D30: =TEXT(B30,"ddddddd") -> Monday | E30: Yes | G30: Yes | I30: Yes | O30: Yes | Q30: Yes | S30: Yes | V30: Yes | Y30: Yes
A31: 29 | B31: 45951 | C31: Diwali/Deepavali/Kali Puja | D31: =TEXT(B31,"ddddddd") -> Tuesday | F31: Yes | J31: Yes | K31: Yes | L31: Yes | M31: Yes | N31: Yes | P31: Yes | R31: Yes | T31: Yes | U31: Yes | W31: Yes | X31: Yes | Z31: Yes | AA31: Yes
A32: 30 | B32: 45952 | C32: Diwali/Deepavali/Kali Puja/Deepavali Balipadyami/Govardhan Puja | D32: =TEXT(B32,"ddddddd") -> Wednesday | H32: Yes
A33: 31 | B33: 45959 | C33: Maha Saptami | D33: =TEXT(B33,"ddddddd") -> Wednesday
A34: 32 | B34: 45962 | C34: Karnataka Rajyothsava/Puducherry Liberation Day | D34: =TEXT(B34,"ddddddd") -> Saturday | H34: Yes
A35: 33 | B35: 45966 | C35: Guru Nanak Jayanti/ Rahas Purnima | D35: =TEXT(B35,"ddddddd") -> Wednesday | O35: Yes | P35: Yes | Q35: Yes | S35: Yes | T35: Yes | U35: Yes | V35: Yes | W35: Yes | X35: Yes | Y35: Yes | Z35: Yes | AA35: Yes
A36: 34 | B36: 46010 | C36: Goa Liberation Day | D36: =TEXT(B36,"ddddddd") -> Friday
A37: 35 | B37: 46016 | C37: Christmas Day | D37: =TEXT(B37,"ddddddd") -> Thursday | E37: Yes | F37: Yes | G37: Yes | H37: Yes | I37: Yes | J37: Yes | K37: Yes | L37: Yes | M37: Yes | N37: Yes | O37: Yes | P37: Yes | Q37: Yes | R37: Yes | S37: Yes | T37: Yes | U37: Yes | V37: Yes | W37: Yes | X37: Yes | Y37: Yes | Z37: Yes | AA37: Yes
A40: Total | E40: =COUNTIFS(E3:E38,"Yes") -> 13 | F40: =COUNTIFS(F3:F38,"Yes") -> 13 | G40: =COUNTIFS(G3:G38,"Yes") -> 13 | H40: =COUNTIFS(H3:H38,"Yes") -> 12 | I40: =COUNTIFS(I3:I38,"Yes") -> 13 | J40: =COUNTIFS(J3:J38,"Yes") -> 12 | K40: =COUNTIFS(K3:K38,"Yes") -> 12 | L40: =COUNTIFS(L3:L38,"Yes") -> 12 | ... AA40: =COUNTIFS(AA3:AA38,"Yes") -> 13
D41: Sunday | E41: =COUNTIFS(E3:E38,"Yes",$D$3:$D$38,$D$41) -> 1 | F41: =COUNTIFS(F3:F38,"Yes",$D$3:$D$38,$D$41) -> 1 | G41: =COUNTIFS(G3:G38,"Yes",$D$3:$D$38,$D$41) -> 1 | H41: =COUNTIFS(H3:H38,"Yes",$D$3:$D$38,$D$41) -> 1 | I41: =COUNTIFS(I3:I38,"Yes",$D$3:$D$38,$D$41) -> 1 | J41: =COUNTIFS(J3:J38,"Yes",$D$3:$D$38,$D$41) -> 1 | K41: =COUNTIFS(K3:K38,"Yes",$D$3:$D$38,$D$41) -> 1 | L41: =COUNTIFS(L3:L38,"Yes",$D$3:$D$38,$D$41) -> 1 | ... AA41: =COUNTIFS(AA3:AA38,"Yes",$D$3:$D$38,$D$41) -> 1
D42: Saturday | E42: =COUNTIFS(E3:E38,"Yes",$D$3:$D$38,$D$42) -> 1 | F42: =COUNTIFS(F3:F38,"Yes",$D$3:$D$38,$D$42) -> 1 | G42: =COUNTIFS(G3:G38,"Yes",$D$3:$D$38,$D$42) -> 0 | H42: =COUNTIFS(H3:H38,"Yes",$D$3:$D$38,$D$42) -> 1 | I42: =COUNTIFS(I3:I38,"Yes",$D$3:$D$38,$D$42) -> 1 | J42: =COUNTIFS(J3:J38,"Yes",$D$3:$D$38,$D$42) -> 0 | K42: =COUNTIFS(K3:K38,"Yes",$D$3:$D$38,$D$42) -> 0 | L42: =COUNTIFS(L3:L38,"Yes",$D$3:$D$38,$D$42) -> 0 | ... AA42: =COUNTIFS(AA3:AA38,"Yes",$D$3:$D$38,$D$42) -> 1

Sheet Qtek
A1: - | B1: - | C1: - | D1: - | E1: South | H1: East | J1: West | K1: North
A2: S.no | B2: Date | C2: Festival | D2: Day | E2: Telangana | F2: Karnataka | G2: Tamil Nadu | H2: Jharkhand | I2: Bihar | J2: Maharashtra | K2: Delhi | L2: Haryana | M2: Punjab | N2: Uttar Pradesh | O2: Uttarakhand | XEI2: Yes
A3: 1 | B3: 45658 | C3: New Year's Day | D3: =TEXT(B3,"ddddddd") -> Wednesday | J3: Yes | K3: Yes
A4: 2 | B4: 45671 | C4: Pongal/Makara Sankranti Festival Uttarayana Punyakala | D4: =TEXT(B4,"ddddddd") -> Tuesday | E4: Yes | F4: Yes | G4: Yes | I4: Yes | N4: Yes
A5: 3 | B5: 45672 | C5: Pongal/Sankranti/ Thiruvalluvar Day/ Magh Bihu | D5: =TEXT(B5,"ddddddd") -> Wednesday
A6: 4 | B6: 45683 | C6: Republic Day | D6: =TEXT(B6,"ddddddd") -> Sunday | E6: Yes | F6: Yes | G6: Yes | H6: Yes | I6: Yes | J6: Yes | K6: Yes | L6: Yes | M6: Yes | N6: Yes | O6: Yes
A7: 5 | B7: 45714 | C7: Maha Shivratri | D7: =TEXT(B7,"ddddddd") -> Wednesday | E7: Yes | F7: Yes | H7: Yes | K7: Yes | L7: Yes | M7: Yes
A8: 6 | B8: 45730 | C8: Holi/Dhulandi/Yaosang | D8: =TEXT(B8,"ddddddd") -> Friday | E8: Yes | H8: Yes | I8: Yes | J8: Yes | K8: Yes | L8: Yes | M8: Yes | N8: Yes | O8: Yes
A9: 7 | B9: 45731 | C9: Holi/Dhulandi/Yaosang | D9: =TEXT(B9,"ddddddd") -> Saturday
A10: 8 | B10: 45746 | C10: Ugadi/ Gudi Padava/ Telugu New Year | D10: =TEXT(B10,"ddddddd") -> Sunday
A11: 9 | B11: 45747 | C11: Ramzan Id/Eid-ul-Fitar/ Idul Fitr | D11: =TEXT(B11,"ddddddd") -> Monday | E11: Yes | F11: Yes | G11: Yes | H11: Yes | I11: Yes | J11: Yes | K11: Yes | L11: Yes | M11: Yes | O11: Yes
A12: 10 | B12: 45748 | C12: Ramzan Id/Eid-ul-Fitar/ Idul Fitr | D12: =TEXT(B12,"ddddddd") -> Tuesday | N12: Yes
A13: 11 | B13: 45757 | C13: Mahavir Jayanti | D13: =TEXT(B13,"ddddddd") -> Thursday | M13: Yes
A14: 12 | B14: 45761 | C14: Dr Ambedkar Jayanti/ Tamil New Year Day/ Mahavir Jayanti/Vaisakhi/Cheiraoba/Bengali New Year/Bohag Bihu | D14: =TEXT(B14,"ddddddd") -> Monday | E14: Yes | F14: Yes | G14: Yes | H14: Yes | I14: Yes | L14: Yes | M14: Yes | N14: Yes | O14: Yes
A15: 13 | B15: 45762 | C15: Bohag Bihu/Bengali New year/ Himachal Day | D15: =TEXT(B15,"ddddddd") -> Tuesday
A16: 14 | B16: 45765 | C16: Good Friday | D16: =TEXT(B16,"ddddddd") -> Friday | E16: Yes | F16: Yes | G16: Yes | H16: Yes | I16: Yes | J16: Yes | M16: Yes | N16: Yes | O16: Yes
A17: 15 | B17: 45778 | C17: May Day/Gujarat/Maharastra Day | D17: =TEXT(B17,"ddddddd") -> Thursday | F17: Yes | G17: Yes | I17: Yes | J17: Yes
A18: 16 | B18: 45789 | C18: Buddha Purnima | D18: =TEXT(B18,"ddddddd") -> Monday | H18: Yes | I18: Yes | N18: Yes | O18: Yes
A19: 17 | B19: 45814 | C19: Muharram/Ashura (Tentative Date)/d-ul-Ad’ha (Bakrid)* | D19: =TEXT(B19,"ddddddd") -> Friday
A20: 18 | B20: 45815 | C20: Muharram/Ashura (Tentative Date)/d-ul-Ad’ha (Bakrid)* /Iduljuha | D20: =TEXT(B20,"ddddddd") -> Saturday | E20: Yes | G20: Yes | K20: Yes | L20: Yes | M20: Yes
A21: 19 | B21: 45878 | C21: Raksha Bandhan | D21: =TEXT(B21,"ddddddd") -> Saturday | L21: Yes | N21: Yes | O21: Yes
A22: 20 | B22: 45882 | C22: Patriots Day | D22: =TEXT(B22,"ddddddd") -> Wednesday
A23: 21 | B23: 45884 | C23: Independence Day | D23: =TEXT(B23,"ddddddd") -> Friday | E23: Yes | F23: Yes | G23: Yes | H23: Yes | I23: Yes | J23: Yes | K23: Yes | L23: Yes | M23: Yes | N23: Yes | O23: Yes
A24: 22 | B24: 45896 | C24: Ganesh Chaturthi/Vinayaka Chavithi/Samvatsari (Chaturthi Paksha) | D24: =TEXT(B24,"ddddddd") -> Wednesday | E24: Yes | F24: Yes | G24: Yes | H24: Yes | I24: Yes | J24: Yes
A25: 23 | B25: 45897 | C25: Ganesh Chaturthi/Ayyankali Jayanthi | D25: =TEXT(B25,"ddddddd") -> Thursday
A26: 24 | B26: 45904 | C26: First Onam | D26: =TEXT(B26,"ddddddd") -> Thursday
A27: 25 | B27: 45905 | C27: Thiruvonam/ Milad - i- sherif/Eid e Milad | D27: =TEXT(B27,"ddddddd") -> Friday | K27: Yes | L27: Yes | O27: Yes
A28: 26 | B28: 45931 | C28: Mahanavami/Navaratni endsMaha Navami/Ayutha Pooja | D28: =TEXT(B28,"ddddddd") -> Wednesday | G28: Yes
A29: 27 | B29: 45932 | C29: Mahatma Gandhi Jayanti/Vijaya Dasami/Dussehra/Durga Puja | D29: =TEXT(B29,"ddddddd") -> Thursday | E29: Yes | F29: Yes | G29: Yes | H29: Yes | I29: Yes | J29: Yes | K29: Yes | L29: Yes | M29: Yes | N29: Yes | O29: Yes
A30: 28 | B30: 45950 | C30: Diwali/Deepavali/Kali Puja | D30: =TEXT(B30,"ddddddd") -> Monday | E30: Yes | G30: Yes | H30: Yes | K30: Yes
A31: 29 | B31: 45951 | C31: Diwali/Deepavali/Kali Puja | D31: =TEXT(B31,"ddddddd") -> Tuesday | J31: Yes | L31: Yes | M31: Yes | N31: Yes | O31: Yes
A32: 30 | B32: 45952 | C32: Diwali/Deepavali/Kali Puja/Deepavali Balipadyami/Govardhan Puja | D32: =TEXT(B32,"ddddddd") -> Wednesday | F32: Yes | I32: Yes
A33: 31 | B33: 45959 | C33: Maha Saptami | D33: =TEXT(B33,"ddddddd") -> Wednesday
A34: 32 | B34: 45962 | C34: Karnataka Rajyothsava/Puducherry Liberation Day | D34: =TEXT(B34,"ddddddd") -> Saturday | F34: Yes
A35: 33 | B35: 45966 | C35: Guru Nanak Jayanti/ Rahas Purnima | D35: =TEXT(B35,"ddddddd") -> Wednesday | H35: Yes | J35: Yes | K35: Yes | L35: Yes | M35: Yes | N35: Yes | O35: Yes
A36: 34 | B36: 46010 | C36: Goa Liberation Day | D36: =TEXT(B36,"ddddddd") -> Friday
A37: 35 | B37: 46016 | C37: Christmas Day | D37: =TEXT(B37,"ddddddd") -> Thursday | E37: Yes | F37: Yes | G37: Yes | H37: Yes | I37: Yes | J37: Yes | K37: Yes | L37: Yes | M37: Yes | N37: Yes | O37: Yes
A40: Total | E40: =COUNTIFS(E3:E38,"Yes") -> 13 | F40: =COUNTIFS(F3:F38,"Yes") -> 13 | G40: =COUNTIFS(G3:G38,"Yes") -> 13 | H40: =COUNTIFS(H3:H38,"Yes") -> 13 | I40: =COUNTIFS(I3:I38,"Yes") -> 13 | J40: =COUNTIFS(J3:J38,"Yes") -> 12 | K40: =COUNTIFS(K3:K38,"Yes") -> 12 | L40: =COUNTIFS(L3:L38,"Yes") -> 13 | ... O40: =COUNTIFS(O3:O38,"Yes") -> 13
D41: Sunday | E41: =COUNTIFS(E3:E38,"Yes",$D$3:$D$38,$D$41) -> 1 | F41: =COUNTIFS(F3:F38,"Yes",$D$3:$D$38,$D$41) -> 1 | G41: =COUNTIFS(G3:G38,"Yes",$D$3:$D$38,$D$41) -> 1 | H41: =COUNTIFS(H3:H38,"Yes",$D$3:$D$38,$D$41) -> 1 | I41: =COUNTIFS(I3:I38,"Yes",$D$3:$D$38,$D$41) -> 1 | J41: =COUNTIFS(J3:J38,"Yes",$D$3:$D$38,$D$41) -> 1 | K41: =COUNTIFS(K3:K38,"Yes",$D$3:$D$38,$D$41) -> 1 | L41: =COUNTIFS(L3:L38,"Yes",$D$3:$D$38,$D$41) -> 1 | ... O41: =COUNTIFS(O3:O38,"Yes",$D$3:$D$38,$D$41) -> 1
D42: Saturday | E42: =COUNTIFS(E3:E38,"Yes",$D$3:$D$38,$D$42) -> 1 | F42: =COUNTIFS(F3:F38,"Yes",$D$3:$D$38,$D$42) -> 1 | G42: =COUNTIFS(G3:G38,"Yes",$D$3:$D$38,$D$42) -> 1 | H42: =COUNTIFS(H3:H38,"Yes",$D$3:$D$38,$D$42) -> 0 | I42: =COUNTIFS(I3:I38,"Yes",$D$3:$D$38,$D$42) -> 0 | J42: =COUNTIFS(J3:J38,"Yes",$D$3:$D$38,$D$42) -> 0 | K42: =COUNTIFS(K3:K38,"Yes",$D$3:$D$38,$D$42) -> 1 | L42: =COUNTIFS(L3:L38,"Yes",$D$3:$D$38,$D$42) -> 2 | ... O42: =COUNTIFS(O3:O38,"Yes",$D$3:$D$38,$D$42) -> 1
